drug_id,company_id,drug_name,price,image,target
1,97,"Aconitum napellus, Belladonna, Bryonia, Eupatorium perfoliatum, Ferrum phosphoricum, Gelsemium sempervirens, Phosphorus, Phytolacca decandra, Veratrum viride",$102.81,"data:image/png;base64,iVBORw0KGgoAAAANSUhEUgAAABAAAAAQCAYAAAAf8/9hAAAABGdBTUEAAK/INwWK6QAAABl0RVh0U29mdHdhcmUAQWRvYmUgSW1hZ2VSZWFkeXHJZTwAAAGMSURBVDjLY/j//z8DJZiggtx9Sasyd8Yxk21Axo7YSymbow4QZUDJ8QyHoiNpB/IPJP/P3pPwP3177P+mQ5X/6/aV/o9cFrATrwHFxzIcCg+nnplzacr/TbdW/19/c8X/tTeW/l91bdH/5Vfn/y/ZkvPfb7rbHZwGFBxKnTn9fN//jTdX/W8+XPU/cX34/5iVQf8rtuf/L9mc/d9nqutuvC7I2Zv4AOjf/0D//o9fG3YIJh4wy+OS9xTnQ2699kyO7VacRAUi0L/wUPea5LTGtceW9FgA+ncNyekgfJEfZ9AcTyagfw+59ztcgolbVBsdMi7V/a+Xr/lfK0v1AV4XAP27O2tl0v/UJbH/rRtM/5tVGf6PmB74v/dE0//khdH/VVMUZ+I0AOjflxnLE/5PP9v7f8rprv8TT7X/7zvZ8r/nRON/kLhKssIZxXhZB7wusGu22Bk3N+x/1Mzg//qFWv+1s9X+q6cp/1dOUjigEIeqGWcgAv17AOjfS2RnJt08DWbNTNVVVMmNhDAANau2t3wToKQAAAAASUVORK5CYII=",49
2,29,"Antimon. crud., Arsenicum alb., Berber. vulg., Bovista, Bryonia, Cantharis, Chelidonium majus, Croton, Dulcamara, Graphites, Hepar sulph. calc., Lycopodium, Mezereum, Nux vom., Petroleum, Pulex irritans, Pulsatilla, Rhus toxicodendron, Sarsaparilla, Sepia, Sulphur iod., Echinacea, Rumex crisp., Taraxacum, Urtica ur.",$26.88,"data:image/png;base64,iVBORw0KGgoAAAANSUhEUgAAABAAAAAQCAYAAAAf8/9hAAAABGdBTUEAAK/INwWK6QAAABl0RVh0U29mdHdhcmUAQWRvYmUgSW1hZ2VSZWFkeXHJZTwAAAJrSURBVDjLpVPNS1RxFD1vPpwPefoGG+1FZllWEkZSLYIWpiiJSEgt1VUQ/RXSMmgx4LLQRS1CgmpT2DLogz5khoTRwKaiMckZmtHnPN97v4/u+80M5SJc+OBwNr9z7rn33atJKbGXL7Tbg4WFhVnG2LjneSFiECu4ruvzQ+1/CTKZTDMJ7hmGcS0SicMhEYSAek2aRMLA/PzzvwmKmf4BycU0ISh4uLGFN7YFtEAIqxyOG0YhehMeDAgpyEiCk5njOFWDYro/KIW4Gk2c7w6Gk5AeU+CuDfv3EsrBS0h/WiGRpBBCYXBoWLWhDKhqO2E8HOsAK39AINoLzovYLn1GpfEyNitn0H0KqrqsVfdbVwkKH/saSHw9YpzWgSCEvUajdVD6/gIiOQHRPAhh/UIm/Z4qc1Wdcw5z5Eo1geC8VzJxI6J3QTKbPEzQeKkSmVXykJszaCqVcKE9Bit2EV4ooVLI2gwCJJ6OtpzbZxeXUCksQ4scU3/XMAcQd3KI21nECs/gch1Mi2Fdz2GmlAKNspaA8bmt/JuXxB4hLNnrSaNjLMm2S3ArBVjyMFbN22ChVjWDmeW72NpkKoVvsGMPvj7taZKM/4w2nYxXymuQ5ji2jT78yK+ryELKGgOH2k08uD+7cxOFxx83xA/Ev61xnBiew8YWh71hQXB/6nUDWWVZbSFQF3951D0sPNZpF3Nji87ou1dv07AsC7quIxqL0AZqyojXUvjJ/ZUO/VM9Txg9Prmy2AU8SaVSI9ls9pZpmmePdB5Fa/KgEtRb3t+WhH8b2m7XODU1NUTCO4Se+jH57IP2YUnb6zn/Ad9Qrbi4Y2W9AAAAAElFTkSuQmCC",85
3,30,Carbamazepine,$126.49,"data:image/png;base64,iVBORw0KGgoAAAANSUhEUgAAABAAAAAQCAYAAAAf8/9hAAAABGdBTUEAAK/INwWK6QAAABl0RVh0U29mdHdhcmUAQWRvYmUgSW1hZ2VSZWFkeXHJZTwAAAGaSURBVBgZpcG9alRRGIXh99vnKIGgrbaCl5BOC2/BJgi2NmIlFoK9oI1CIJ39kInxhxReh1VKCZmfQkiVTOLs863l7GAau5DnCdtcRzx+ufPi4aON98cLr9uAhCVSiWVk4Uxk40xS4vbNenpwMH395cPmdr/xYGPrxtp6ubPGVayfLnIL2O4X1WVxfMJVnVUXVnqnefv0Plf17N0hTW+LZjkkBiyTAmEkkxI5mBxMWizT3Lt7i1TS9Ng0UYKwcQkcJhSUEkQUIpLoTKdCP5hGQ9L0qaQpgCMgoDMoQDKdoURHH5BhsohGKZpimdFoxGQyYXdnh9nREXvjMbPphO97u8ynE/a/7jKbT/ix/5nf8zmj0QgpufDq0083g+RB8iC5Zrpmepnp80z/qdVny+rFsvrkvLp58uabV+iHWrkQQQC2iQjMik1hpRQ6IG1KmGaoA03vFE0HmJUIsGkigksCuggs0Vii6SVxKYBgJYL/dfzTdTSyafrpr8Px8491U5koRWYiiawVScjGSpxGFpaQaMashG2uo3BNfwFx+DLsFQ4W2wAAAABJRU5ErkJggg==",71
4,100,Haloperidol,$74.15,"data:image/png;base64,iVBORw0KGgoAAAANSUhEUgAAABAAAAAQCAYAAAAf8/9hAAAABGdBTUEAAK/INwWK6QAAABl0RVh0U29mdHdhcmUAQWRvYmUgSW1hZ2VSZWFkeXHJZTwAAAITSURBVBgZBcG9r59zGAfg6/4+z+/Xnp6qKol2IuKtNmlEDMLCQBeDySIRGxuDRExiszXphkTS/8Bo0DJIREQQSVkk4qWqDY32nPM898d1VRLPvHPx5Z1jh14a5QwOo0AhRdrS/fP1q/m0/rn25qXzZ/cBKonn3vvi0sevnzk9Rh0PkwCQQFy5ceDCV9f9/svefz989+OJz8+f3YMZxlQPbefp+Pd/mkYVRZo1bVni5sHq6Qdu8/iDsy/7ypH0w9eeeu2TOz479/zegKo6mmTaTsNmMBfTYCqqGArt1LGts4+dcu/9h3bmY7sfwoBQMDCKUWVUGVVGlTGV3/6+6Z6jBx45UV594k7TZnoRZoCEeaKUVOk1jDJPbDP8dDX2e9G978n7Dql5LDBDQjDXEBHUKIU0mQZbRpfuSQxqgBmCRhWlBEGazQSoodaSEY0EmKEXEhqFJGAMdJmnkCJEWZu1gRm6IwkhAkCAUirMg8bhDesSMMParCFNAwjosDZBhxSbaVj2FzBDL9GJk2+/IoqgVyrSgLQK0B985GCvwQzLslpXtneftHv6NOsqvdIlCR3SKu3G5cvScXBrATMse91Ldxzs141vv5EVvYIKLSoINWKeRy9rLzDDwa31j93tdNdfb727m2QIDbh9ZwYJO5uhSm+m+ndd+leYoSrvP/vGxReq6tHIEQAhiAABt7r763m4AP8D8JchsxSnIZQAAAAASUVORK5CYII=",59
5,31,"OCTINOXATE, ZINC OXIDE",$128.55,"data:image/png;base64,iVBORw0KGgoAAAANSUhEUgAAABAAAAAQCAYAAAAf8/9hAAAABGdBTUEAAK/INwWK6QAAABl0RVh0U29mdHdhcmUAQWRvYmUgSW1hZ2VSZWFkeXHJZTwAAAKZSURBVDjLpZM7TFNhFMd/t/f2IqVQqAWM72IVMUEjIRoiYnTxEWEyTjqoiYNuxkSjk5uJg4ODDjoYE6ODm4sOJlopqNRY5VXC09oCRaCg3t572++7DspTnTzJyTnfyTn/739O8lccx+F/TBsdHb0MHAOQUuI4DlLKJS6E+CP+9gdKKpXKBwIBFWAxm7n8b3Euj8ViQnMcR3W73dyMCmzjG9PxVzi5H7jKa6gI1nLE208oFOLy8wyGaWNkbQwzx+PTIYQQqrb417reW+RT7xhJJBieMHCufgQgl8txbV8hUhbMrwUghECbewDkKnfStH0NB3SN1o5OYqo63xgOhymWXQQyHajeWka+vsRdth9NCPFrOC95m16Npk3jLSkhau9masoE7y+A+tA0+cQEhetO4AvuJDNUTc+LhwsMMok+yoNVPNHqmPpss8Kvs+pHEgAr/QzViuPfvIepgR50xaa4ZBXe0soFBmuKZumaLEX6Symr1DFnTYrlBGq2G83di6/qINboI3SPwsiHXqSjk/Q1LgCcP9wwfwvDMLAsC2syQYHZiW9TC2byDi49j9u7gSLnC4FDNxho78Y1B5BIJIhGowwPD+PxeLDGwpBpxRdqwUzexuXOYc9uZOzle2aqTlFYvgkpJUosFusWQtQIIaivr1cikYhjj7dR4Rlna1Mz9vh9FNXGnFlLOvweacwE+7ZcGfp9ux5luRbunVt/pqH55N28UsFKfytlFTrmzDomX79JSyvbUH2hbXCJFpaLo2TjlrvbGs8Sf3SRvnCEgvU7yKfjqTJdPVh7qX1web9reSHeP5a3u54S3LGXoqJqkh2fvptZ+0jtpfbOv6nxjxWON/mzdVWV2q6aII7bimTTE6eOXv84+C85/wR0RnLQ/rM7uwAAAABJRU5ErkJggg==",104
6,47,Lamotrigine,$12.20,"data:image/png;base64,iVBORw0KGgoAAAANSUhEUgAAABAAAAAQCAYAAAAf8/9hAAAABGdBTUEAAK/INwWK6QAAABl0RVh0U29mdHdhcmUAQWRvYmUgSW1hZ2VSZWFkeXHJZTwAAAKGSURBVDjLhZNdSFNxFMBHCdGDr0sIg3qwiF6jwMeefY0giB56CoMIeuhN8KHXCJuoEYUZpJW0QMyPmWl+ldM5FTedujn34e7c7ma6z/vr/O9maRINfrtj55zfPed/7rUAloPceNxbKzQJTiEmJASP0Kxif+cfLKwUbELu87Sf+YDOmpZlM50nGN+h3xlAxco5lYcE5eLejiEPhaJBUIcPUynez6WYiGfZk6SioGIqR+XuS/YFNhVI5jA/acluH07ycmwbV7KIIf/JBb1YipclNlMgP64KRX88R/u4hlcrJfVM79E8qLGyg9lBRL7Scs0qDEMJiqrWvHufzNczp9M2HKNlKIY7CMsRGPemZZwM8QxERaBLK4kCpIS+0pnYlGDW5U/yanRLBFGav0SxO3U6R1ZUQljxbtRHWoo2pRvvNrg2C7j8uorPKoG2EPwpd47SIsWtIpn0pVUwJJwuE/JEMtjlULt+JE3cwV2Vo/0WNDui2AYiNA2EmVo9KnBv7NI1rfN6MiHEmTsgmJ1dT2BzhM3it2L3agaq7f0ROkd8LDXcYdDuYNTxjUDLfWbW/oxgHuLY6h6uKAR2wZcSkuDZyjAfyjC+lsf/0Ers3gmMF1XkOi4eOkRzjTlZTVR2tJSA6TB89UP/SoFPC1m+Nz5Ae1YBz8/D+gUYrsb+6LZhrvHggxSTdbliMCLFfcsG9sU88111RJ9ayHSeEoEUh4SAiAarYcLafeRRDqYMZqSD/uUCdneWufrrxCQt011VEniEiOA+Bzetb/75MjnXdRbDWVYb6tm6ayExcQyjrUZmKwtaz0Cd9Ynlf6/zrcaP2sbZCiN0yUK45niBWmuea1a4Ys1y2XryF6CZCaxnm2/nAAAAAElFTkSuQmCC",119
7,67,"Neomycin sulfate, Polymyxin B Sulfate and Hydrocortisone",$22.41,"data:image/png;base64,iVBORw0KGgoAAAANSUhEUgAAABAAAAAQCAYAAAAf8/9hAAAABGdBTUEAAK/INwWK6QAAABl0RVh0U29mdHdhcmUAQWRvYmUgSW1hZ2VSZWFkeXHJZTwAAAEjSURBVDjLxVM7TsRADPVEK4oVSrGU1FyCjltwADrOQhOJe1DsMbbfYjsQ2g4h5cvM2MaeT1BIJNBSYMl69iTv+TOJYWb4ixWnEquqCpVX3x887bqxJSQAkgwRwEvsE97drM0wDLAooHZxXgBlsiAmJDl4ecPwTtd1ywJaXsmZqLFP5JBHPrRtuyyQ29Xq2nIU44mYWtM0ywJKOr7TOC9hjIOAOvwgcHu9Nr+5hYnAw/bI81EYvLTgBJ1lsA7BORIkeLy/MnVdTzu43JwFJPmwdFGjgNcRxH0BXsj757i8mQBzWhaqK4EDGZ1gyvV8+KD5LeRqPmCKQ/UYo3oSJ6L5DqwlOLz2ghiq6pzOxvZ1fuQvYra+73PrfJKXZcmK5t/+xmyf9PZAc1Cvzt0AAAAASUVORK5CYII=",114
8,55,Benzalkonium Chloride,$125.19,"data:image/png;base64,iVBORw0KGgoAAAANSUhEUgAAABAAAAAQCAYAAAAf8/9hAAAABGdBTUEAAK/INwWK6QAAABl0RVh0U29mdHdhcmUAQWRvYmUgSW1hZ2VSZWFkeXHJZTwAAAJOSURBVDjLlZLdTxJQGMa96K4/oPUHdFfrpntyZrXsoq25tlbroi6qi7ZuYsuZ0UXRWiv72NS0gjIgDQ1LS0wkwU/UVEREUkEIBBFE+V48ve/ZICza7OLZOTt739/znHPeEgAlhZpyB8+MLa58HHL63H2zy4muycVku8UZahl2TNJ688/6wsbd31yBLps3BNdqFCvrMYRjSURIvOdzzdAcmozWhTaLc+8WADXvHHb6RhYCEdEU2kiIJu/aBtwEywE3k2lQKjz8NB7Sjs7vygPMDu9ddogmUliNxsWaSGfwM5sViqcy+BHeFCl4r6YkzwzTnXlA9/SSh924md25qFDszMnmfGuga4pEd3QjiTxAN/49xY0c10MgjsuOuSssBdfh8IdBSUG1AibTDmbzAHrhZab6IzHQq6N3xo3+LyqY+1phMmig/9AISolm8yyMdo9IcKtt6HcC+h653uoScTsJ0K65jw5yYrWOOISrol6Kht4pcUV+g0efJwx5ADXtUA3a7aMLflHQoa0VzfTSoHMBUClqwL9EM4Lrb01JOt+zZQ7ob/c/N1qDDGEHBugKxO6mOS+qWswZRb/t9F+DxCLHAzQovsfdEyAYXn6d4cHBa7r7NXU/brwbiCpNtsNFJzEnaqp4KjufblDU4XbtJVTJL+BqjQynyvZl6e8P/nOUC1UtvehWNr+BUqlGXX0T7j14gpMVZcFitUUB0ivnBvQ9PQgEgrBYxvBC8QqVxyXz2wboVfKzlSeOxsrLD2VLSyXZY0ck8feN1Ze3Dfgf/QJBCig+4GhFlwAAAABJRU5ErkJggg==",40
9,46,Famotidine,$22.13,"data:image/png;base64,iVBORw0KGgoAAAANSUhEUgAAABAAAAAQCAYAAAAf8/9hAAAABGdBTUEAAK/INwWK6QAAABl0RVh0U29mdHdhcmUAQWRvYmUgSW1hZ2VSZWFkeXHJZTwAAAFhSURBVDjLpZMxbtZAEIW/N/bP7w4aSiQuQEODEFdIAVI6KFJwgeQenAEBFQVU1CBOkAsgroDSRMof77wUa68tK5GQstqVd1fz3rw345Vt7jN6gM8/zj9k6u3lIYer8ZaoTY5dD8OOj+9fPz/tAdJ6d/TqyeNhGCR1eMIkAMIGez6bMl7z/eefE6ASXF7lfr8f9OX3P0oxY2b9lmQspkznkibTnB0/paQEEACHESI6hKhTTa7mrepegsxNDWhyadAaLIQJCQssiAA3kxuCBpKRRMhkCBlCVW8a1p1rBPYCXjKKTrNRkOvCuougkkTULA4tHRQ4IVb1aQSeCJbMJlZgTdlTqsRwt4LqddUFJms2YWPfpsBugRFTRWffEkojs4CnH6sRaLoNQbImEWlXZV7L3xRx2OmCvH745sUj0Ozd89wMMY4H+k5uBA96ff326+/LQ/Gz/3mcfQe74FNt7T2f8w1Fi68/h3owMgAAAABJRU5ErkJggg==",47
10,87,Etodolac,$70.83,"data:image/png;base64,iVBORw0KGgoAAAANSUhEUgAAABAAAAAQCAYAAAAf8/9hAAAABGdBTUEAAK/INwWK6QAAABl0RVh0U29mdHdhcmUAQWRvYmUgSW1hZ2VSZWFkeXHJZTwAAAHvSURBVDjLjZI/aFNRFMZ/Ly+GlCYlaMF/1D+4FQRJREigk7OiIAguHSwUkrkgLhVcpIurQjdBcLAITi4FETpIAw46CGIHJ0tFamlt3rvnfA7Ji2kTwQOXe4b7/c73HW4kCYCnc+engU8M1/b88kaFf1T05O65KvAAuFY6epw79xfZ3XoPwPjkFZ4t3uP37i+A58DK/PLGy0FAHli5euPmmbFSmfTrByRhnV0AJDFzcYrcyQtIuvXm1evrwBDg7FhpgmRnk+CBjRePQQLEltoIsb/5jeLk6QJQOBwhD4AbCoFc5QRuAckP5tzfI9neG7mDPIDc8RDwtIOnnZ6D/6seIOCW9ie7Ij7+mGDfYlB3F4oKfD8yTavVWnJ3zAwz+9wDGB5SsICbkYQc8dgkt+cekiTJ4aELkojjOG02m0t9ACFF5ig4bsLN6XQ6rK2toYFIWV+v1wkh8NeBOR4cD4ZbhJkBUK1WDwizXtIgwPHUUHAUDLcc3hO02+2+eBBSr9cxsy6gO70L8CwChqSRDrLqO8CEp97bgSGL8CgAsL6+PiSURKPR6Dt4lybJzPipKeRC7uRTiH+WkUStVhsSZ3cGePR2dbUMXMoeGXl2KpcpFotEUTTyA8VxjJkRjco2OzubM7MFMzvW+zD94+6D58sfRXpka4kRkDcAAAAASUVORK5CYII=",74
11,80,Titanium Dioxide,$84.88,"data:image/png;base64,iVBORw0KGgoAAAANSUhEUgAAABAAAAAQCAYAAAAf8/9hAAAABGdBTUEAAK/INwWK6QAAABl0RVh0U29mdHdhcmUAQWRvYmUgSW1hZ2VSZWFkeXHJZTwAAAG9SURBVDjLpZO9apRREIafDVuIhMjGhPwJukashNjoNdgIqQQbG8U7ECy0i4UXIMQLEKxtrCwsRMRKbBSCoBhQwRjwZ3e/M/O+FufbTYRYZWA45wznnXk4Z6Zjm8PYFIe0LsDDG/1pm03jy5gpAzbIxga3q2wMv2Q/uPXo8wZAZ/P6qVmbrd7iyd7cUh86HWhFMvvcpKBE4fv2B358+7Rx+/H23a7Nq+PL/d7c8ipf3r+kjH6jhDSkTAjCRoISZmbhNDMLq4S4c+/K8rmu8fzahYu8fvaEwc+dKm5FIZMJIVMSIsXu1ltmhw1nzq6x8/XjeteG+ZVF1q/dRKMhVqBInElG4igoApXxPlEJpo4t8eaF6drgEIPdd6j5g0KoqCYpSRShkq0LlZps+ugJZOjWxxEuSQ6zVohETZIh1LTiNqYQGTVmtwQqiUZBjgKVICfVsj0Ll7GwpYvcI1AkOSyUYTkQN4twCjWB0jgryYTAjYhRkIPyH1zVilETOV19QlCSHAQ5bA7GTaEUDuFxZ9EmsCGLOLJyvv5AGmvvstVWlGt/7zNjOvevrjy1uST90+8Hz4HBVYkrwfPOYcf5L9lR/9+EMK8xAAAAAElFTkSuQmCC",65
12,42,Acetaminophen,$94.94,"data:image/png;base64,iVBORw0KGgoAAAANSUhEUgAAABAAAAAQCAYAAAAf8/9hAAAABGdBTUEAAK/INwWK6QAAABl0RVh0U29mdHdhcmUAQWRvYmUgSW1hZ2VSZWFkeXHJZTwAAAIhSURBVDjLY/j//z8DJZgsTV+9fAu+uHo8+GzvXECWAV+c3R//mTn9/ydLu4eka3ZyY/ts63T3k4Xt+4/GlqS74JONY+9Hc5tdH4wsmAmGgWv9xQKX2nMPnapOF4A1WzsEfjSzefLB0FwUHoi/szPX/05P/f0rOWk9ugHONWefzNl44X/B/L3/o7LXnn1h4fitN6i22Tx7W5tpxqYHxmnrChh+p6X+/rd10/+fsbF/f0REmiE0n7F3rDz5wb7s6Bu3gt3Vz80db69zTd1mlr11tUnGxt89Cw/8N0ha9YDhZ2LC+p8xMb9/hEdc+h4Ucu+br//JFXFNi5zKjz20KztiDzIMGFgzP+iZboQZbpSypsAgaeUjvfilqIEI9C9bf8rk3Wd8kz59sHV+BQysa8DA+vNe1+RreV94S96UiE9pff7/I1scPnlW6NWgBCLQvxKOVaeO2ZcfW2pbcogTGFgGwMD6+2/alP+rYhz+Na5O/L/lytT/F57t+t+/O+t/eL/uf/NsyR4G17oLBUD/Pgf69w3Qv6XILnqvbbT+nZre74RWlz8bL0/4v/HapP8g0LMn9X//nnSQAd8ZnKrPPJi85uJ/oH9f4opOn2rD/9uuzPmPDDZdmgoy4D+DQ8XxArvSww9sivYX4DLAMkf6e/eupP/tuxLAmtt3JiBcQEzqAypsCe7R+N+7KwVsM4gG8cFhQGwSBiruAOJPIGdD6Q6QOAAJO6JfeUJqowAAAABJRU5ErkJggg==",24
13,25,"OMEGA-3 FATTY ACIDS, THIAMINE MONONITRATE, RIBOFLAVIN, PYRIDOXINE HYDROCHLORIDE, CYANOCOBALAMIN, FOLIC ACID, CHOLECALCIFEROL, ASCORBIC ACID, ALPHA-TOCOPHEROL, CUPRIC SULFATE ANHYDROUS, ZINC OXIDE, IRO",$120.04,"data:image/png;base64,iVBORw0KGgoAAAANSUhEUgAAABAAAAAQCAYAAAAf8/9hAAAABGdBTUEAAK/INwWK6QAAABl0RVh0U29mdHdhcmUAQWRvYmUgSW1hZ2VSZWFkeXHJZTwAAALXSURBVDjLY/j//z8DJRhMmJQd+x89/W4IRQbY1x5L8590dzmy5PuIqC4gfvA+PPIyEMfhNqD06H+L9gfG9p33/jr23OMEiX30DTj8yT/oFxCf+hAYfBeIfwPxIyBWwjSg5Mh/tYZHzDr1D34aND7Y9tXOsf2Lg/O/z85uNjCFn908lT56eH985xXwzXvygwYUA4yLD/9Xcm+QlS572JWesP7XVyOL79/MLKci22Rc/6DXvPH+X8um+79t2u7/tOu4/w9ugFHxof8wha+1LP89NHT9iay5aNKKo9vXVvyzrz27/LuRqeo3Y7P/y6I7piMMKDoANuC3mNTSn5Iyv239dn3nSnwwiTfpIbN85tU9e9fk/Xt7e/X/29vCekDqfmrpHviurfcBboBB4b7/1QYB+n95Bf/94RNqY4h40MIQ/uA/U/iDv3ltc/69vr7k/+8vd/5fXx/4/tpaf1OwIYoqvxAG5O/9/5+R1f8/E9sdZKc75m7uvbgu4MeP11v+/3jW9//d3a3/Ly/z3HRpsTvrb3HpDXAD9PN2///JwBLym4FFHKbZb5aV99Ilbt/f3Fzz/8fjpv+HOoz//3q75v/5ec7/zs12DAa6VgpugF7uzv9zRDUc4DZ3GE3LmWT59f7e6v8/Xy36/+1O4v9D7Yb/vz8s///h3rb/p6ZYXTs50YIXboBu9vb/liU6khal2jPNS3Uf2ZTpvD04y/Hhe2DAfX9Q8v/rrQgIvh0L9MqE/w8PTvp/tMuoDmFA1rb/Rhma/oYZ6m7qAZaux6bbFTw81Pf/54vpYNu/3o4GesEITH+7l/X/2/ON/w8267462KitBTZAO3PLf+2Mzf+1MjYB8cb/O3pc/397c/f/z3d7//94BQyDV6uR8Nr/vz9f+f/kxJL/+6rVVmPNYUDnvTnSbvDtcKv+t0PNut+ANn07UK/5bX+txjegpm97K1W/7S1X/ranTOkwAORfnQagLb+TAAAAAElFTkSuQmCC",110
14,91,betula nigra pollen,$22.30,"data:image/png;base64,iVBORw0KGgoAAAANSUhEUgAAABAAAAAQCAYAAAAf8/9hAAAABGdBTUEAAK/INwWK6QAAABl0RVh0U29mdHdhcmUAQWRvYmUgSW1hZ2VSZWFkeXHJZTwAAAEXSURBVDjLY/j//z8DJZhhmBpg2POQn2wDDDof8HvOe3osYtXzDzCxuM2vP3gvfn4MJIfXAP22e0Ies58eK9r2+r//3Kf3YOIhq17eK9v95j9ITrv2jhBWA/Ra7kVEr375vXDrq/9+s57eUy+4IY0kJx2w6Nk9kFzE0uffgXIRKAboNtxlC1/+/GPljjdABc9+q+ZcM0Z3qmb5LWOQXOmml/8DZz7+qJB0hQ3FBerFNyNC5z/9nrXqxX+Pvgf35OMuSSPJSXtPfXQPJBc089F3oFwE1jBQTLkiZNtw51jq4qf/XVvuwsPAa9Kjexkrnv8HyclFXxTCGwsyERf4LctvHvPuvAePBf8pDz/Y1N45BpIbKUmZFAwAR3nW32nUrY0AAAAASUVORK5CYII=",111
15,27,Pseudoephedrine Hydrochloride,$36.08,"data:image/png;base64,iVBORw0KGgoAAAANSUhEUgAAABAAAAAQCAYAAAAf8/9hAAAABGdBTUEAAK/INwWK6QAAABl0RVh0U29mdHdhcmUAQWRvYmUgSW1hZ2VSZWFkeXHJZTwAAAOPSURBVDjLVdPra1t1AMbx51zS03iSNk16y0m2tF27bp0d3SodjLjqJqNl+qLDF3WDjTEsKIhQ3fCFY74Sq3ZjyFZRcVCUCd1WpYgiglXYZiudtV1vMXhJmrTpbW1zfud3yeX4Yg627x/w4XnzSLZt42EXJ99x8azoZkK0MUFbmOBgnI1SJr5TxL53PXanduGlgIVHkh4CvRPnW3lGXN3rCVcraiEyUg7lzjL8OT+Nm1PX+gLSx5Mikz0jRO7UZ13bfn4M+OCPcx1bHbU3fbqBhFjFuDkNxZax37UHX/76yZoz29Hilp4bbal1eaf+2cS/C+bRgbO7BwFAfn/8nJcJ1l/u2oq7ZgS/rN/BemYDtc4QUotxEELf1u1Db2wvL/RWlBSizu8CpaL/8Fu3vQAgW5x2N3taXVE6j2lrDlaWoUzxwsUc+Hri+nhA+WiE0UxX7RYds0kGb5GGuqDbxSza/T9AjigODZPmLESWo0h2YXfRDoxGboGm2WsZrl5qqnErIpPH/KpAZJGj0qeDUXYEAFSLsgYuZSFDQpPrSVRpAcT+imIsOvZ5tbvfoJQ3B3xO3IlYsEgOZDOHnQEHOKPVAKASatGKwtKCsPsppJJx9N3tXeNEXDp//4Urcxtj6g96fXTpPmtUIcEiedj5PLhQIShTHiyw6N+/zdxuGro3uMwpf+/sQnDg0Jp+wram5p62xp4ZajgDxnOwLBuU5OArcSCxZEJwGn0AEPrFNxM3+i7O1327fUPppsSa+dEo02fdRfAGgxN7oz9lNpYdYGk3augQdvjLEU8uY5dnfbW1tVVXpnYenT2e8p3wbWavWqFQ+CutoGAluAXHTp6EYRioLPcqsZkRSCSG08efx7aaGpSVlsAppWsSiYRDtU2i5ol1TOxvKbi1sop43saLBw/i01dexYjgeb9hyI2NjeBmEhd6P0QyuQDHE97f33y9a08sFuuSHZevLOfT5JQ0MoZ74xPQiz0AgNMLSzBNk3V2diIcDqO9vR1tbW0wTZPaYiMMAMXFxZoKAM4bA9fT4WcPe0n62lSJ1wcAlz1uyJwV9PT0QNd1AAAhBLIsqYqiDAJAIpFg0qNv7GjY1axXVX2/78CBkmBlpYLiIqRSKUQiEWiahlAohIqKCmSz2bV4PC4PDw8vPgbU19crfr+/Udf1QcMwyjRNUwDIKysrLwNIlJaWDgJwcM5zyWRymRDS8R+TYbuVB9P4ZQAAAABJRU5ErkJggg==",66
16,98,"Menthol, Methyl Salicylate",$73.42,"data:image/png;base64,iVBORw0KGgoAAAANSUhEUgAAABAAAAAQCAYAAAAf8/9hAAAABGdBTUEAAK/INwWK6QAAABl0RVh0U29mdHdhcmUAQWRvYmUgSW1hZ2VSZWFkeXHJZTwAAAIxSURBVDjLpdNdSFNhGAdwKSNyg6ALC8GLoE8so49VRHVRFFQISlJeREXQBxWSSZDUpNrOTDoxSGvhmokV1TazLeekTBda9rVKmW5lYq6slgutOI7j1vn3vKc4rCAv3MXDgfPy/73Pc3hOEoCkROq/B6v2GdIWHLnhmK1v7ZtZ3PIuo9DmOr17iaUkLx1Ud6g2jgqo+JCU4x7Bs5AEe4+EhbYYMsv9iEYGcU+/VEZkYNkew7iJnHBrgl4YSeYEJJcIGF8qoKw9Bv8g8GkY8IaBthDgqatCsNGAq4czGbBLBhbv5VWT+EiL2Q9cfg2YA0DDe+AxBeqDQPvX3+/PdwKmfA0+PDDCuGM6A9JkYP5Byyy1SexgQM5dIJvqpJdCb4DWz8BDKguhhzxDor1Ig+7afBaG8hFnFDiyp1ZFgxa6JbcR2NoEnCLg2ltqfQBwUzcVhJc1+4c8/Br0urV/A9OKvJyxQ/qmfQ5so/D2ZoB7CVh7gN4fwP1+wEWjGK/XoKt6C9rOrWeATwHUugEn3RBjrW9oAI4TdJPCno80RlfsZ27d9+Eslxitcdpk4HbxCgboFEB1JvKk3CfhSjdQTXM7+yRorCLUZ8PSposvvMZX0bydtf2Vi9JT4avcjIr9GQxYrQBzC2zmVG2nkGIISyncF2mKLiDOKbQ+it8JCqy9dGCe3EH8/KMu0j9AqePEyoSAwFNTVkKAHG7i1ykrPCbAfmw5A46OBbjw5y9kz8nxZ78A90vOcDVd+i0AAAAASUVORK5CYII=",104
17,22,Fluoride,$47.88,"data:image/png;base64,iVBORw0KGgoAAAANSUhEUgAAABAAAAAQCAYAAAAf8/9hAAAABGdBTUEAAK/INwWK6QAAABl0RVh0U29mdHdhcmUAQWRvYmUgSW1hZ2VSZWFkeXHJZTwAAALNSURBVDjLbZJtSFNxFIdvzKSBIfWlKCqMygiMoj5UhItR9CKaHxSNIqhMtIhsZSsrtbISZTE0nbP0w2Yh03xhmK2WKd3EmGV+KIJKiCTIoBesmXXd07mIlS8XDhf+/J/fec65VwGUcdVRGS1lo83RTUeZht+u4SvupvWSjYbc6In3J8IWAYM8qYXeZikvPG+Cx25oL4P67CCeLMvkgI7KcNqdrXTVwLN6ueyAO4VIV2g6Bw1WaM6FtqvQmAPXd7fiSA7/F9DmsPNEYD3AV6wJaBZd499ONw8bcR00U71Xo17C3Jlg32EbDWgri+FhiUbXLel4RaMpfxGNZyJEt0B0O6nJ7MS1v4CKXRE4kxZRGq/hkSmKTBqFG1Yo3LfZUatFz67rmmm0zqfO0kfLRajNgluH5H0MKhL7KNk+n2KzWULgxh4oWG1TRPcVnTWjs9WfMIpuHd7ziK6HylQT1xJNouvBnS5dY+soWm/kwhrEDHKiXyiiO0ynbNmTpR8aRDeIOwPRNQUCgQRVVVeIronSOLi4Nkj+SgNnlsPNIxKw+KsiusOoVbKYg/p2jVSk6LoD1B7dKPBvv9//i/KkbaL7jrwYsC41krNkdLSzUYOKbPc1t7MR3aDohoturL5dgd0898Gbe3g8HpeauvBUR0LkB785LNQeF671ZSzQA2SEil1HRTddFhM59tkEni2dB71eb0jgkPfcvm+9x9cND7XYCL28y49aC4HDMSM9yTOrlUm/spTA5QJrfOqBjwFads4hKDAlsn3rLLgcxaeiTfg2G/qmglcJPKJ3drlcqtPpVP3m6YSeNvD/8yVvLvo4kwIE9gs8JPCNsbOWHTN/fK86AAL9PKnwWepdhgHfFkP/RDhO4H6Bz/5//ihlXn5X2rKRD9YoBk5P523aNB7Eh2l3txhyxgUIXClwwlR7UVMWnLqzdcZHXVs6v9dh/fwPHS3E3E4GyQ4AAAAASUVORK5CYII=",43
18,73,Dimethicone,$117.92,"data:image/png;base64,iVBORw0KGgoAAAANSUhEUgAAABAAAAAQCAYAAAAf8/9hAAAABGdBTUEAAK/INwWK6QAAABl0RVh0U29mdHdhcmUAQWRvYmUgSW1hZ2VSZWFkeXHJZTwAAAJpSURBVDjLpVNLbxJRFO4P8BfwO2Dp0g07q42iGxM3JmxMXDR15aRWjdYqZMYSxbRpbaCSoEnVNjW2Ip2CNE2BUsrwELBAoTCMMDAwQDnOucCIj52TfJnk5nyPc+65IwAwMoxzs6BRoFOgV2DoQ98/0/xZP0w8o0B7+03F6Nw+Yrz+GLt/cMgHQ2F+azfCvnYlmXFH2Yg1WPubQJ981u7OUcHDBJcvVUCUWtA+7RJU6zJkC2Xw7Ia4ufUEhbUDkYGAFsmhyDex0WwDfpLcgbLYAl5BrdkhZ6Ikw5YvIFpXoyiiJQLYF8ZG5wG5WJGh8EOGo1IDStUW5IQmZMtNVWR908PdXMpjOxoU0DnZ7wzGHiZHs3W4/GgHLtx1qWII/CLJY6AdXga5KKD37EVZ7Bmj5gUZkgWJEEcnXTB236v8P5PzdLEBlXobTgQJ5pffschFAUNg/4DHYWFcLLw4xRIyEhFj97ZhlNogbWAKuX0KS7ZlHrlEwB8MEQGMj0UZvqFGRldMlMj30EvRgvmFV6qA/stOmBXEJlSlNiERZ8URcf7OJ4JLD30QP66Tm4llBKCtNrUFnW0jzqSzJeh2gThcmfHD1ScBMDzeU/94hoNtdbqw+TUMlOWDOkTNLXvRuOH2cXylN+VBXHSM5eqEGMnWiEFccTc/X+SuW2K9axwsEv02SK18dIv5cq9QqLVJmtSJRJYJnWOZMpisdnGCXv21SMOrPG3zUYuOFc4biEM6XyEzwZ7DKR7W3EGYpue4cfP7v1d5+DHdeJkyTr5YY2ZmF1j6mYV/amb4ByYrO2FyMteYyL8f0/8855/NvQk/FX0nyAAAAABJRU5ErkJggg==",101
19,10,Alcohol,$36.67,"data:image/png;base64,iVBORw0KGgoAAAANSUhEUgAAABAAAAAQCAYAAAAf8/9hAAAABGdBTUEAAK/INwWK6QAAABl0RVh0U29mdHdhcmUAQWRvYmUgSW1hZ2VSZWFkeXHJZTwAAAJiSURBVDjLpZNLbxJRFMf7AfwEfA5YunTDwsTuujO+YsLGxEVTV066cdGYQmaAKKZNawOVSE2qltRIW+kI0jQWOlCGh0Bb6FAYcBgYGKAc51wegrrzJv9k5ub8f+dx750CgKlx3bCBTpNBk1HTzEDGwZ7uz/hx4zVN+icbksnz9YwJHiXZ4+iJGOFi4v5hnH2zl2Fm3RUTxmDsBGBgvu7yF6jISZoXyhLIShs6Vz2iWkOFfLECgUOOX9pOUxg7hAwBejRz8R9ys9UBXIrahYrcBlFTvdUle7Kiwn4oLDu2EgjREwD2hWVj5qE5X2lBodoCoaoS4fdGsDiCbO8E+EdrArajQ4DBw54yWDYuzDg9vwcPbNEJ8z2Gg7Nyk8TEMxdAu4MMehFgDHxPsNgzllquIWCXALCSt5r5JnVAALlSE6RGBy6rCiyvv2fRi4CZ8HFUxGGhuSSpME3twn0rB8xWjnyjEJApKqQKtXMFa851Eb0EcBThCADNqFtPfcRg9Z5OANKCMqiiDcsrr0cA45eDGFuVW1BTOlD8iYDPxJC9VPotDQCpiwY5meR5FWiHc9SCwelLMbl8GXo9IIPD4Dt0PyMKq8K9RL4B7W4Pdr7FgLJ/HA1R99hVMvn8IV6UmiRgeHzJQoMIjfiPCVJadsuLVf6uPdk/xuFFot9FqM1Pflmo1Elgtd4h/WIbeLQITp5XwOxwyXP01u+LNH6VF5whatW9yQfDKcgJEpkJ9hzLiuD1R2CBXuJnLR/+vsrjj+nhq6xp/qWXeW5bYWmrXVy0MOIzs4OdM3uY20z834/pf57zL6w/CRKnLd7XAAAAAElFTkSuQmCC",37
20,32,Epinephrine,$55.95,"data:image/png;base64,iVBORw0KGgoAAAANSUhEUgAAABAAAAAQCAYAAAAf8/9hAAAABGdBTUEAAK/INwWK6QAAABl0RVh0U29mdHdhcmUAQWRvYmUgSW1hZ2VSZWFkeXHJZTwAAAJ0SURBVDjLfVJNaFNBEP5e8tLXkKqtSa0kVYKplFIsFNSTIgiFhoL04FnsQYTSW66BkIcezMlTD1LQS7wWjIdA6qEVKq1ixAqSWBqMFWJ/EtvUtMnb9+LM1kispAvD7s7M983Mt6vU63U01uiDhfrErT68+VqEJeowTUuaRSaEhWsBN6bj7/Fu+rbSwKhoWpZpwrLqEMYfoDjcTXFogkmF2QyBrfnyt5phQtRM+DQT1901GHQ2yCcJjyOwKPirYsB7QpOggY4aBtwqTioGzp1yYq9SpSLHdmDqb1d+wKOp6DvdBrejhq6uLgy5LZxxtWEpvc5F9JYEC4+CkU/ZTX3pYwEXnAbO9vSgs7MTbqWMpQ/fsJIp6J/jdyPNGIVfIZ1OO4UQ/WR2wzDw9PXP+6OD2r0rQxdlUqFQwPNXXxLDXhHleK1GuhjGZigUykuC5eXldYfD4eP5iEQat26z2VCtVqGqKjY2NrC1tcVAGd/d3UWxWLwjn5Gck/v7+3Gfz9fBLe/s7KBSqUjjAkzcQ+MEAgFomsYFkcvlXhBuVml8pFQq1UeOl16vt7+9vR3lclkCOc7GPsuykEwmTcqLRKPRh/+IODIyskqzXc5ms7Pcpt1ulwA2JqARGVyknGAD/N8rjI+P71FCant7WxKwBrwriiJJSI89XddTLZ+RFyWNeTwe2bLL5cLBwYEUlM+0nyflL7UkmJmZcVIHN3t7e5HP55FIJFbn5+efLS4uolQqwe/3s+BjLQkIfKO7u9tJs7LST+g+HIlEJjKZTDAej39nPY4SqEfa962treUIOBkOh5MNfywWS05NTQ3Ozc09pj9wtRnzGyK4jfbwxX10AAAAAElFTkSuQmCC",65
21,83,BENZALKONIUM CHLORIDE,$44.84,"data:image/png;base64,iVBORw0KGgoAAAANSUhEUgAAABAAAAAQCAYAAAAf8/9hAAAABGdBTUEAAK/INwWK6QAAABl0RVh0U29mdHdhcmUAQWRvYmUgSW1hZ2VSZWFkeXHJZTwAAAKDSURBVDjLhZNfSN1lGMc/7+939ORU1C0iszwSG2duOFqNBQ2meJUoY4MixiiKiCCGMMauZYJ00252uYIuRlsgKJRsDLE/VBIhu3B/knVmInpy/jnrpB71fX+/99uFO3KkrAfei/fh+Xx4eJ/nNZIoRtx9Vq6xCTs0hCTwHnmPJOQ9ya4u+PYHKkdumSKToCQURVvFRXBLUhRZV4oQbBO4aBOIYxTHBOlVyt6Y3brL+/8RWIesJdi3D8UxiWN5glfrYM8yQToN6+vI2v8U9JrZLGFTE+HLKcwLqwS72wmOGRKpFP7X35B1vTsKktev9ZD9o5epacJX1gga3iKofQ2lsmjiAXow2Vt773ZPKWMk4X5KVUhhWl6hF/j+5z5U2+IHZUcvQFCOnf4SNzD+tVrDi1KA9yJ2hYX6N+enjSTs9/Uz2tXcIPFkCiKoOw67Usg9Ri6PWxonLswjDN457PIUNrf4jpFEYcCc8I4vwgMfVSUaTiM7h7eP8S4HcQEUgUlgEtX4yJEfu0Zu7O5XJDljiouUv2r2+pih8v2n0uHzJ5F9hKJV5AsoXgMTEuWyzN3sj+0yPYcuq2/bI9a8rQxJjqz/Pjjo/7oPEtIG8hsgiyHk0Tf9ObdBRxH+xxTqTmvFVFQOu3wGGUAegwFtLhEhKy2faHjHMQKIpzrL6l7CmASKImwuiynbTVBeQ/kzzzbeuWhaSuu3/YWlwacrvGgPaw+Q/+USS6OjGQw/Vqb3vlu9v41k/UFyD+c6gTv/2kEcR62m6sWKhaHzLHw3eiVyHG7+WO/9OZHpmBz4bNauWdZX6dzesrR1Zj7l/Uwfk3fP8XppXhI/d1MzcobPb5ziXmn+b0pcjPW7AMpFAAAAAElFTkSuQmCC",67
22,37,Zidovudine,$49.98,"data:image/png;base64,iVBORw0KGgoAAAANSUhEUgAAABAAAAAQCAYAAAAf8/9hAAAABGdBTUEAAK/INwWK6QAAABl0RVh0U29mdHdhcmUAQWRvYmUgSW1hZ2VSZWFkeXHJZTwAAAIUSURBVDjLpZO/T1NhFIafQss1aaSpUmgbCxpriE3q6Ayjk5oYpf6ILk5d9S9wwsRRDVFXN22ijg6YaBxMiUPjUBqCLe2l9goxcpHC/c5x6C20KRtneofzPnnfk+8LqCpHmSGOOMGuePLB3o8iqihgDKCgIoiCkY42Ao9uTgb6AADJ6AiKogIKqCiioD0QEVhpbg8mMKqo+gYBVUXVT+ODRBQRxewdUsGYTkRUEfGNXS39kD0jgwA10llUEBFU8A2yb+wCPe8QgCcgRhF/qbPc1XKQREE8HQSIJxjR/Z7a01n9St0k3mEAzwNjhN12m83qEqHtFeLjJ1ld+8Wx1CzD1ihu5R2nT8XY+eeQz68+LJVKzw4AxrC3C8vf3pMeV27cu4PrupxdW+PTl8/sMELu+hVGQkFs26ZYtB5Xq9VYoPuUH7xc0cDmdwK/i+Ru51h49YZ6pUgiESebzWLbNo7jYNvrHE9cIH/3EoVC4U9PAmXj5w/OxcMAnLl4i+XSV+bm5ohGo2xtbdFqtXj6fIHRyWuASyQSsXpuIPw1Eep2BYCljy9ADPPz84TDHajruqgIu5XXMHuZer2+E+j9jZlM5nw6nX47MzMTT6VSEgwGTzSbTcrlMpZlMTU1xcTEBJ7nbdRqtaHFxcX1PsD09PRwIpHIhsPhQjKZjFmWNQwMOY5zH6iPjY0VgFC73TaNRqPluu7V/620dUeTJTHnAAAAAElFTkSuQmCC",118
23,32,Acetaminophen,$96.80,"data:image/png;base64,iVBORw0KGgoAAAANSUhEUgAAABAAAAAQCAYAAAAf8/9hAAAABGdBTUEAAK/INwWK6QAAABl0RVh0U29mdHdhcmUAQWRvYmUgSW1hZ2VSZWFkeXHJZTwAAALVSURBVDjLpVO7T1NRGP/dR18iF+iTQktEkHdDCjHgIGAX40AMMhrkD3AxcWBxMnExTigDPhYJcdFFHHxEo5HBVKlaCk1bFJJiaQuhpbS0ve29x3Ov0jiweZLf+ZKT7/t9v+9xGEII/ufwyjU7O3urUCh4SqWSQZIkplgsavL5vFaxsiwzOp1ONBqNL6ampq4p/hMTE/3UrM/Nze0yMzMzNRzHpd1uNxQ1NEBF8OsbXBk9BfHnI0y/64Bg60Q4HJlMpVJ3abBAoUgf4FpaWgI9PT1Gm82GaDSKeDyOnZ0dNDR14P3SNkL7fejtPwuGYbC1tTXGsqxOr9eD53kmk8kM8TRrqyAICAQCsFqtcLlcoKWAlgKLxYJgMIjFxUWYTCZ4PB4kEgmk02nVJxQKtfOKYzKZhNlsRqmqCXfe5pErM5CpPh2jwbDjJIz7+1R+GIpKJTASicBut6ulssqVy+XgdDqxsCyiSFjoNRRaFhKrwYfNKnQ4JYwNboNIWYiiCNrgikqVgHZbRVZiaW0cBQsN+wccR2Dl/ejuuwgLG1T96MRUqypQWA5ZlUOIDGU1GBag8RgUPsF2YhiC3Y065geq2JTqWyE4VEA7Ci0RUZZp/TKh8giMbBJu7UdUm2shZZ6jsXcSrcIGyqWiWkKFQGH0+/1w18TBlQ9QpG8SxWnNazi7LwEFH7yP53G8Ng8Ll0CbtVQh4JXse3t76nhMqRQGmpvV5lQjBredoLrugGZfp7VR0uxnNI9cx4Xd23jyPasScA6HI722tjYci8U4umXKPjCrK8sYaoqifWAUnOwDKe+ioctMOQ6gPaaDQd+FoPcVWf1Veskc9Zl890eumjsv3qtvM9CsXtpUEUvPgugf7wTD1QCG8/jy8EaSyPK5Iwm802c2XZfnGzl2g2ZP/V37w0NHa2hHYuUbwgs3n/JHfdFyUdT7HoznCZ0GzfIPSMVCsYTU/wbkK6iCy8xjQgAAAABJRU5ErkJggg==",69
24,31,"Alfalfa, Avena sativa, Baryta carbonica, Baryta Iodata, Baryta muriatica, Calcarea carbonica, Calcarea fluorica, Calcarea phosphorica, Lycopodium clavatum, Thuja occidentalis",$29.24,"data:image/png;base64,iVBORw0KGgoAAAANSUhEUgAAABAAAAAQCAYAAAAf8/9hAAAABGdBTUEAAK/INwWK6QAAABl0RVh0U29mdHdhcmUAQWRvYmUgSW1hZ2VSZWFkeXHJZTwAAAIgSURBVDjLpVPPaxNBFP6SXZuYZWlsQbQhqRFsD1ahVgUPIuhBEDyKAU+ehB49FQTpQbwKggj+Cx6UgigloJQsqJcWCykppJVqTILi2iRms7szO86baVMFD4U8eMyP975vvvdmJiaEwCAWx4A2MIHpOM/+W0MUMekCQtDIpQdgjINzJqOhnDOEYQiTksfGTvWB1BMhoh3XBDQnkt0xiijGsbZW1ARkvt9WAB3UCRrEd0C7rhUlk7ZU4GkCzRwhlUojmz2DbtdFs1lBLndO7odYXV3A1NR1GIaJ9fW3cN0ttc+YjzhjYZ+ZwJub72WgJ8FnsbHhoNP5gXz+gkquVIrykBEQhvNQKpAE1BSqkzbIWq06qlUHnudicvIyLGsE9XoZtn0YExNXsL1dU7l0KB1kRpGnOquJoIKcc5TLb1TS9PQNZDKnsfToFuIrH+DXpPxhG73zl8BTPkySQfI5D1RTZmYKSloQdKTcURXbevEYhxpfcOLmLBL5k/A+LaJcKiJtSAVUm1YQYHn5+T+d7vvLJ7h4ew7J6jtg6QFSw2kcy42jUfoI0/d91dFEwvrr2vbundae+wvJI3ng2t29Fzh/FAc7ASnwZL2vVWfpdQnhy1Gol0ckpO546gC6K69gLczC9xroSoJ2y0DPGkJsP7+xVMjMD9nWvewoM834V7S/M3xuGjzsifux/X5np5Cb+/3z2x2Dx8a5IWoS9fTqInv4B7QMlwnqx2E+AAAAAElFTkSuQmCC",51
25,91,Aspirin,$39.32,"data:image/png;base64,iVBORw0KGgoAAAANSUhEUgAAABAAAAAQCAYAAAAf8/9hAAAABGdBTUEAAK/INwWK6QAAABl0RVh0U29mdHdhcmUAQWRvYmUgSW1hZ2VSZWFkeXHJZTwAAAFhSURBVDjLpZMxbtZAEIW/N/bP7w4aSiQuQEODEFdIAVI6KFJwgeQenAEBFQVU1CBOkAsgroDSRMof77wUa68tK5GQstqVd1fz3rw345Vt7jN6gM8/zj9k6u3lIYer8ZaoTY5dD8OOj+9fPz/tAdJ6d/TqyeNhGCR1eMIkAMIGez6bMl7z/eefE6ASXF7lfr8f9OX3P0oxY2b9lmQspkznkibTnB0/paQEEACHESI6hKhTTa7mrepegsxNDWhyadAaLIQJCQssiAA3kxuCBpKRRMhkCBlCVW8a1p1rBPYCXjKKTrNRkOvCuougkkTULA4tHRQ4IVb1aQSeCJbMJlZgTdlTqsRwt4LqddUFJms2YWPfpsBugRFTRWffEkojs4CnH6sRaLoNQbImEWlXZV7L3xRx2OmCvH745sUj0Ozd89wMMY4H+k5uBA96ff326+/LQ/Gz/3mcfQe74FNt7T2f8w1Fi68/h3owMgAAAABJRU5ErkJggg==",88
26,38,glycerin,$105.18,"data:image/png;base64,iVBORw0KGgoAAAANSUhEUgAAABAAAAAQCAYAAAAf8/9hAAAABGdBTUEAAK/INwWK6QAAABl0RVh0U29mdHdhcmUAQWRvYmUgSW1hZ2VSZWFkeXHJZTwAAAESSURBVDjLtZMxTsNAEEW/k4gCIRdQcgNuwQ18CG7AOdL4AJyBgmNQ04JE4Q7REGHPzP8Uuw52nJggxEqr3dFq3vy/s1tIwl/GYu6wrusf6cVQwf3jZhsEAQqIAJyA5/Xm+rQYAla7xIuzBdgnE4i8ksLrW0wUjAACQH4nkqkqqRRP88eAXi6VJCeYRrBZgAfQvHPrl5H2oQTlvluUdHBWVaW5c0mpC+uHZtIud8GdMCdaC1hLtEZYR3QeuLu9KkYWLs9PsqLsewAwX8JNMCfciaeXj/13QAkMwCMnWwK4EeZCBOEhBDkFULlqKFcLuBFdVuIukAJ3nv6q9/vcfB70653gQei3XSjL8rgu/NtvPGZ8AUm6WPSP0fwsAAAAAElFTkSuQmCC",58
27,83,"Octinoxate, Octisalate, Oxybenzone",$98.37,"data:image/png;base64,iVBORw0KGgoAAAANSUhEUgAAABAAAAAQCAYAAAAf8/9hAAAABGdBTUEAAK/INwWK6QAAABl0RVh0U29mdHdhcmUAQWRvYmUgSW1hZ2VSZWFkeXHJZTwAAAH/SURBVBgZBcE/jN9zHAfg5/35fn6/6/XqVEmkISHif2KQRsQgLEg4g4TJYrExYTXabJIbDZJOFoNRQssgERNiYJFeOE21QfTuft/v5+V5Konn3r/0xvbu1uutXMApFCikyDCP8euNa/mi/r7+3uX9vROASuLFD765/MnbFx5prc6GSQBIIK7+u3Hxuxv++O34v59++Pnc1/t7x9ChTfXQuk9nf/zT1KooMlgyzHPc3CyefeAWTz7YfTuuns54+Pozb31+21cfvXTcoKrOJJnWU7Nq9GJqTEUVTWE4v7u298R5996/td13dz6GBqGgoRWtSqvSqrQqbSq//3XTPWc2Hj1X3nzqdtNqeg06QEKfKCVVxhJa6RPrNL9ci5MxG+PE0/dtqd5m6JAQ9GoigmqlkEGmxpo2yhiTaFQDHYKBKkoJggxWE6CaWkpaDCRAhzGTMFBIAlrDKH0KKUKUZbAMoMMYkYQQASBAKRV6Y+DUimUO6LAMlpDBABAwwjIIRkixmpr5ZAYdxhwjsf/lywAAAADgsVc/szkeoMM8L5YFuPuuOwEAAMCVg0MZsTmaQYf5eIx5jKCuHBwCAAAA6L2NeRkzdNgcLYc76+mOd174dCdJEwbg1u0OErZXTZWxmuqfZR4H0KEqHz7/7qVXqurxyGkAIYgAAUdjjO97cxH+Bxjp+96ObDbVAAAAAElFTkSuQmCC",80
28,52,Norgestimate and Ethinyl Estradiol,$84.99,"data:image/png;base64,iVBORw0KGgoAAAANSUhEUgAAABAAAAAQCAYAAAAf8/9hAAAABGdBTUEAAK/INwWK6QAAABl0RVh0U29mdHdhcmUAQWRvYmUgSW1hZ2VSZWFkeXHJZTwAAAH/SURBVDjLpZPLiupAEIbnofJOeQCjoqusJjoLEQVF0I0bRVEXrgSRFnMUQcRbe1m48H6NGi8oKtbpasbIcIY5HE6gSOj0/9VfVd1vAPD2P/HHQq/XE7rdrtzpdEi73dYopVqz2SSNRkOu1WrCjwAmFpmYrlYrOJ1OcL/feRyPR5jP51CtVmmlUhG/BXyK9cvlAvjge7/fg67rcD6f+RpCy+WyXiqVxC+AT9v0KVbVX7DZbEDTNB7r9RrQ1RNCCKG5XE4wAKxe+blhu92C1WqFQqFgiM1mCzidH9wNPv1+H9LptGwAWLMIktEqiiwWKwsL5PN5WC6XDGDmgN1ux/uB7uLxODEArVZLw2bhBgRgRgy73Q6JRAIkyQwOh5O7WywWcL1eIRKJaAaAjYkDcAOWgmKbzcYzJ5NJMJkkUBQH/4/TQBfhcPgFqNfrBDuOZWAGFGNWdDSdThnAxAFoHfcNBgMIhUKvEth85fF4DI/Hg2eQJImLJ5MJD0VR4P1d4eXdbjcoFosQCAReTWRzFVRVpSh6TgKFCB2NRsY4UTwcDlFMWQhfDlI2mxUzmYyOY0Mnh8OBu5nNZnx8KEbrTKh7vV7x26OcSqXEWCxGWUm8duwJ1oxzZ4cHmJC63W7xx8sUjUaFYDAo+/1+4vP5NI/HozERcblcMvsW/nob/zV+A0hzMNxKeHjMAAAAAElFTkSuQmCC",65
29,27,Rabbit Epithelium,$142.74,"data:image/png;base64,iVBORw0KGgoAAAANSUhEUgAAABAAAAAQCAYAAAAf8/9hAAAABGdBTUEAAK/INwWK6QAAABl0RVh0U29mdHdhcmUAQWRvYmUgSW1hZ2VSZWFkeXHJZTwAAAHySURBVDjLpZNLaFNREIa/k3vTR4qKFdpaxZhFfeBCUEF8oaAiulIkoCtdFATBRcWFG6EgCG5VfFBduBVBFIIQHwga3GlREJVqS4OhrRKjwdxc7z0zLq5JGwwSceCszplv/n/OjFFV/idcgKOXXg4BSWArsB5UUQyixGKGmAERQSyluKtjK5fO34Aopw6uMqgqRy6+GNF/jPO33qiqRgqAbQA3csW6tL8ZG9zSzdvJkl+3gGhf7XKgpx0AY5onv5v2AfCqQVsdoKqJWtX3M35LzVNrzSxA1K1JazXECnMBBiA9/IiqCKKQObub8cK3psmp/gWoWABiESCiffECNq7upeiF9cfzEm0Np24htA0KAChXLYEqFT9sqBhYpZQd4Wv2Gl5+jHzvEtbGdwB7I4D5rcD3A7zAYqtBA6CUvU4wept16UHaU2vwXmXpfPqQB7viJyILc3692WTPZC4wsP0AHR+eYG4eJvHxDqlkN2p0yAWQUBQwAPdzEw3J5cpPwqlJOvpSsO/k7A4ML8YRs9wFsCITQOr11f1/dBsg39NPZTRD173j+N4UFaD83cE6FKJJtHI3febxClXdhMhCkRBUULGohGzu2knb82ckF3XiOnHKn0PGp2OqyGXT6jrnDi07/aNYOOZYk7SOflK4sicbnvsFhzwbXdu8qEIAAAAASUVORK5CYII=",100
30,57,Octinoxate,$41.80,"data:image/png;base64,iVBORw0KGgoAAAANSUhEUgAAABAAAAAQCAYAAAAf8/9hAAAABGdBTUEAAK/INwWK6QAAABl0RVh0U29mdHdhcmUAQWRvYmUgSW1hZ2VSZWFkeXHJZTwAAAGrSURBVDjLxZO7ihRBFIa/6u0ZW7GHBUV0UQQTZzd3QdhMQxOfwMRXEANBMNQX0MzAzFAwEzHwARbNFDdwEd31Mj3X7a6uOr9BtzNjYjKBJ6nicP7v3KqcJFaxhBVtZUAK8OHlld2st7Xl3DJPVONP+zEUV4HqL5UDYHr5xvuQAjgl/Qs7TzvOOVAjxjlC+ePSwe6DfbVegLVuT4r14eTr6zvA8xSAoBLzx6pvj4l+DZIezuVkG9fY2H7YRQIMZIBwycmzH1/s3F8AapfIPNF3kQk7+kw9PWBy+IZOdg5Ug3mkAATy/t0usovzGeCUWTjCz0B+Sj0ekfdvkZ3abBv+U4GaCtJ1iEm6ANQJ6fEzrG/engcKw/wXQvEKxSEKQxRGKE7Izt+DSiwBJMUSm71rguMYhQKrBygOIRStf4TiFFRBvbRGKiQLWP29yRSHKBTtfdBmHs0BUpgvtgF4yRFR+NUKi0XZcYjCeCG2smkzLAHkbRBmP0/Uk26O5YnUActBp1GsAI+S5nRJJJal5K1aAMrq0d6Tm9uI6zjyf75dAe6tx/SsWeD//o2/Ab6IH3/h25pOAAAAAElFTkSuQmCC",71
31,96,VALPROIC ACID,$113.22,"data:image/png;base64,iVBORw0KGgoAAAANSUhEUgAAABAAAAAQCAYAAAAf8/9hAAAABGdBTUEAAK/INwWK6QAAABl0RVh0U29mdHdhcmUAQWRvYmUgSW1hZ2VSZWFkeXHJZTwAAAH5SURBVDjLjZE/SNRxFMA/7/f9eadWnmGBIl3fk1oKGsMh6KA/Bw5CUzS0NbVlkFs0RATh0HLi0CDUEmgQtCiBJA05hf1Z6pQT7Wqw4C697s7vew2BKYreWx7fx+PzPu99xcxoJvL5vFUqFYaHh2VrPaLJUFXm5uZ21OOtj7GxsREzy4pID3AEaBERVBXvPXEc7w2o1+tDuVyOZDK52RxCIISAquKc2xugqqRSKc5OHKYtVqoqgHEo0WC8/8f+BnEcE0JAnHHnvBBHhgAj8zHluu4PiKKIRqOBREbCAWZEgDgDozkDVUUc3J0FExABBMzC/gDnHKrK8zMfUdXN44UQSLlU84CJylOSySSZL6fo6+uj6/ET1i+lGVie4PWFUQ3OloH85amNh7sCBluv/puc+Weweu4onQszZG/cJpk5LdX5qWOfZ6fvT19sWYt2u0GhUEBVWVxcxMxYe/OMk9krtBZmkPFrtC+8wB/vciZ2a4eBmeG938whBBLlVVq7MzAw9H/YvR6cit/xjapKqVQinU6ztLREb28v5Y5O1t+/4sDLm9Sq31kHKmVHcHzbtoKI/K5Wq3jviaII7z2JRIJU9jqf3r2l9KeNsmvh10/h64oEg/w2g2Kx+GhycnKwVqshIlvB9FtH94nih4PtDesILloxbDQ3tfHgL9Xv6UA7GgE/AAAAAElFTkSuQmCC",34
32,46,Hydrogen peroxide,$1.89,"data:image/png;base64,iVBORw0KGgoAAAANSUhEUgAAABAAAAAQCAYAAAAf8/9hAAAABGdBTUEAAK/INwWK6QAAABl0RVh0U29mdHdhcmUAQWRvYmUgSW1hZ2VSZWFkeXHJZTwAAAHqSURBVDjLdVI9ayJRFL0zkZ0ZPxoRFPwF6dZimcYm5W6z+Qspgk2aQAoDwSKwYGWvKyxsq4VlmoUVJBCQNAEJW7swUbDQcdR5b97svaMv+8yYB4d5H+eee96Zp4VhCHJc/DoLvxx/hsfZPQShgEAEOwjggsOnXBl+9H7C3eVvTdYkQBmccRDhlkyFXIjd9z98n6slbwTwkAyxIFBEthAoFp1t2J6Ari4YChiQBEM3UYSDH7AINDeOLLDCNHLY+w5Q4Pbv2KmdZL7Ch9AEjenABAMvWMJCzOHP03PEeVfg5uO3sed7bjFbTNN6a3sb8nq9Bv+FuVel67Fao0nCaDSyOee9fD5fWCwWsFqtIgGCrutgGEaEfr/vbDab00ql8rCXAWOsmsvlCvP5HDzPgwCDJJAAnoHrutF+qVQqoJtqLEQklckNdUYnr90JUmy5XEIqlQJ0UI5l4Pt+lsiyWM1AXe/yyB4SeCWr37dzAjqIvwPcnMlA5d2lfTnXNC1ySNxDAgO6PyUtu6qgPcuyYDKZkNtBTADvVR8Oh45pmpBMJvcyoM4UXiKRgG6366BAPfYOaLTb7XN0cmvbdiGTyUR70s10OoVOp+Pg36o1m83vBwVoNBoNG0Wq2KVMf4bCxaIZYoCot1qtB5X/D8V+vgtcQDdeAAAAAElFTkSuQmCC",64
33,86,lomustine,$51.31,"data:image/png;base64,iVBORw0KGgoAAAANSUhEUgAAABAAAAAQCAYAAAAf8/9hAAAABGdBTUEAAK/INwWK6QAAABl0RVh0U29mdHdhcmUAQWRvYmUgSW1hZ2VSZWFkeXHJZTwAAANDSURBVDjLXZNLaFxlAIW/+5hn5pkXMWFSU0uN9mFaUlNIUqmkjVIFFRVEUczChVKyduNOETeC+FipEcXajS0VrcQWW2zEllSSUkNK0pjUJNPJZGYyd5I79/H/93dTS/EsD4ePs/k0pRT3ZnRiZBA4DhwAWgATqAKXVaA+/Wjwy5/v3Wv/AUYnRkxgDHj+6dxQJBtrwbIbsD0Q0kFQ4Hz+rJBC/iKEfPHzJ7/bvAsYnRgJAb/2Nu/qP5o7jOVEcPGYtzTCKkLJDlDCI4ZN3v2NydXJa8IXh7594XRVv/NkbH/Tzv6B9l7K0sPXNYTQqYswNmHKboQ1J8ZyNURn4lF62x7c67n+CQCjcuTWAPDByzufMq7LLfLUqQeCTSdB2Q1hOTC3UqO6tUUkW0JLz3GwuZvzM1e2f315bNroG9n34XB7327NiJHXBahW7pMJrhYM6o7OzMomQbRCZNsN3NQcxaCCWZHsbsrpVxdnG03gQC7VwZS9SjGq87DxAAGCpTUPx6mTblNYjePMBxvgKjIiwlzRZej+/fiu2GMCTXGzgSV7lTXXJhnfzoaXpFIJSLc4tGZtirIHy50momrU1kuUN+IkYkl8T2RMpZSmKfBcC0UOMyQ5+4ePFkuQnxfoKkV7S51kbRBrxcdhEt/7G5RCCKGZUgRly7M6mowMyegjLBdNHD9EOBoh2hrj5kIJ50qGwcJpjuZ/ILb+D1upGKUNiRRB1RS++HOxfKtjRzzHudsTZOI7CBs5fMdGGRnCiSwHF09xLDTJQ6+9RaRrF/Vr4/x16RxDVtHSfU98/P3sRbEt0YJpr1At/U4262IKl5CmiOgG3de/ofvwc0RvXkD76iXiC6fo6mxkoLCe0b84dnLcc/2fxmcu8lhHD2mjgWwiIB2WpMIOyZBLdrNAtK0Ljp+B98vw9gLm1ixxXzWbAL7rv3JhbuqSW/f2Du87xI01E6OqEFoNP9CxU43YUz/ScOZN3PptbKBmGUiD1bsyPfHJ40nhi5PCl0de7X/dRLahVBxN18hNnyA1fZHORh9TX6ZWFCwWDOk76h3t/zr3v9v3rBTyDSmDPYEMsnfq6jMl2+5ZWkzHPdUkDbWi4LPhcfHevzBSqkykNJyOAAAAAElFTkSuQmCC",22
34,45,"OCTINOXATE, AVOBENZONE",$135.31,"data:image/png;base64,iVBORw0KGgoAAAANSUhEUgAAABAAAAAQCAYAAAAf8/9hAAAABGdBTUEAAK/INwWK6QAAABl0RVh0U29mdHdhcmUAQWRvYmUgSW1hZ2VSZWFkeXHJZTwAAALASURBVDjLjZNJTFNRGIW7ZOFON2xMiBtDHOJKgom6dYgsWKCJTRgUIkSCYYOiiURiq1ZKsEUmAYMUEgm0MrWFIHagiEALhYJCKW2lpZOU9nUejve9CIJTvMn3huSe7/15N4e11HYnhVBK6CcYCRQhMdd4C5O11zH2+Eqiv/Ic1V120thamNYvZB8q5eccSAHAomGRzar1YQ5sE0I4ta/g1r+Ga64dm1PN2FDUwyLnwyjhYKHjLlS1eeitOAsiUO0KDB335nYEjplmQgvsmkZ8/SDEurQGRvETLHVVQdtcDgWPzQhq2alzuwL1vDl9Rj2O1eEmLIoeYEpYgDFOFsjYIGOjregIGgoOo6nkGLoeZaNJwIWgczh9V0Bfxlai0hlrBG5/DKFoEuFYEp5AHIu2EKbNQZjcERhdEQzMuiAYMkl3wrsCGpkh2CczBJLrZDMVTsDmjWHJHsYaCaq/+PBSZkm+GDT17g3vE9CItdsZEq3X+NHoh+VblAkP6Tyol5lX6gbXMn4N/ybYQTThVM6aKUyb/BBKzYo/7fmnoHvCodFZKcwQQd3AmvK/BSK1I1P8yWmet/jhoeKwb8cwOO0At2d5tbyhrLFUcNVXWJOFa9XnfRcqTtzfJ+hQbop7Jh3JNWeIOYlIPAlfKAGLJwp+Xyuq3uZhYEEInU0O/kgxcvjHcboklceE2xV22Yjegw1vFIFIAlESjieSoMiz1hpE3tOLkOhrITHUgV680ZvgjxbRghCra0Sf3qm0YdywBacvxoRJlhF4g3F83gzjcuUpDC20YO96Ny+kBWC6sCBrgEqjhmbZDasriO0AOUK7H6L3Jjx8o8OZ22l4Js8HR57LhDmy3J8T7C3T37pQzb2EbN5RPJffYL5M3+l35h/srTOpsJFUmPpRYaYLpMIJUmGKnX9wK7M4NUaPTfARuPT/+w5sF/jkpVJK3QAAAABJRU5ErkJggg==",108
35,29,OCTINOXATE and TITANIUM DIOXIDE,$48.88,"data:image/png;base64,iVBORw0KGgoAAAANSUhEUgAAABAAAAAQCAYAAAAf8/9hAAAABGdBTUEAAK/INwWK6QAAABl0RVh0U29mdHdhcmUAQWRvYmUgSW1hZ2VSZWFkeXHJZTwAAAGQSURBVBgZpcG9alRhFIbR5/tRA0Fbbe0tp4tFsHFKLSaNjSIGJlapDIq12BgIxJRaCGIK8QaUNN6BmEJBLNIGCcko55z9bs8WpxlECLNWcnfmkW6uv7l/dXnw9HDii+6AhEuYDJcjF26G3HEzTOLC2fZkf//gwdtnK9t1sDTYOrOwmC8ucBqLJxPbArbrpPU8OTzmtH62ngkPX33xf3n0+qv/z90n771HdRdhvAcjfaBpGobDIVOHx7+wzrHOMReNOZcvncdkhIo7YWeZ3jVm1VJJyUjFKcrUzgnqjFBNRhjvwfUf72jbltFoxFTJkFOhJrDkWBZBJkJ1OWFnmd4NZpUESuAJyImiQpCMUCUjLL2Ae+klTdOwurrKVKqZKiGHDCjxhyRC7dqW8PEOvdvMyvRypgDmTk5O6NqOUN1EuLIJa+eec3R0xMbGBlM5JYKAkhIuEVwiVEmET+v01phVUiIU/iqFIHdCPfj2fXe82a7IDJkwMyRhbcutx5+ROy7DzZELl5AIu/SSuzOPzJx+AwKoFtIrwFHLAAAAAElFTkSuQmCC",78
36,82,olanzapine and fuoxetine,$130.77,"data:image/png;base64,iVBORw0KGgoAAAANSUhEUgAAABAAAAAQCAYAAAAf8/9hAAAABGdBTUEAAK/INwWK6QAAABl0RVh0U29mdHdhcmUAQWRvYmUgSW1hZ2VSZWFkeXHJZTwAAALVSURBVDjLfZJNaFxlGIWf7853597JTJzQzDi9U6chPxCaOmi78idIlglEsEJJqFmIaDddlEK7EF3pKmJcdiUU3bmwXQiiGxsQQdBaF9HYUFucZP6SNHWS3uncO9+PiyDNGPDs3s3DOec94rOvflkyRrzRjo0fKQ7L9p6uBN/l2tuvnb4EII0VC7Mvl/K+7wshEvyfOga06nL9u7tvAvuAdmQ8z/PF58sP6fCAPXGH4cImKbeFsoad3RS/3c3SZ08gGeTy2WG0EeJfqIwVOE4CR0DsNBjObeIl/6IV7aG0QnoeI6WA+/fSDCRzGNPrSgIYwHEEkd0i6T7k78ctIt0hVgplQzzPI4xSDKYcLLanmCcAIbDKEOkuHRXxuBsRG4U2gOhijUY6Amt7W3UArN0H+OTZC9NYXCKjiZRGiCThXoZMskgi4YAVhyNYux8hkzhGtdEk69fpSzt4QvFop49mIyDIjiAdcegz0h4EuE9TTJ1i4/ZNBjI1hNa4nTzHRxfI+AHamP/O4omDOw/Oo42hG2uOtCTSfYVc4Rk27q9S2/wAIyMGt07xze5JdpvbT1248OmVlZWVq9JaiwCmT19CK833X/9A//EB5ubmCMOQjdFRfvw5R8JxmD33Kq50qdfr4tYt76NKpZKX4sBeV3/9g/ZWm9lzr/PJ1SV+v71KcDSgXC5Tr9dZ+niJRqPBsZGTauHsrKxUKucd3xUtTJfnCi/waD2ivz8LwOWL79GNFfPz80xOTjIzM8P09DRxHPPsS2dCgGw268mkFF98efPei7G25T83VTLRrvuAePf9D5VSSi4uLpJOpwEIwxCtDT99e631/FsL2Wq12hEHhzExMXFibGzs+tTU1NFSqWSklEeazSZra2t4nsfQ0BCFQgGl1M76+rqzvLzc6AGMj48ngiAop9PpG8ViMe95XgJwtre33wGquVzuBuBGUaRrtdpWGIZn/gGotkJJF2DBHwAAAABJRU5ErkJggg==",73
37,78,ALUMINUM SESQUICHLOROHYDRATE,$1.72,"data:image/png;base64,iVBORw0KGgoAAAANSUhEUgAAABAAAAAQCAYAAAAf8/9hAAAABGdBTUEAAK/INwWK6QAAABl0RVh0U29mdHdhcmUAQWRvYmUgSW1hZ2VSZWFkeXHJZTwAAAI3SURBVDjL3ZLtS1NhGMbPH9CnIOhFIijIIwouMg1rDjOY5cuoKHqhbJzjQqfJMiqW5MbaObKTG+VIlpmWTMuaLpfNuRgtGQhF6WTNuRSDabj0Q32wPsTVcw4VgyKEvvXAxfN237/75noeCgD1L6L+I0BJU2gNkXcfN5JQmoLJvY2BZOFlf7Lgovdzfr1nKe9s/4vtVY+UfwPEeXcM3rEkfGMf8fT1AgZeLcBD5Bqdh+CKIpu9/+2PAJK8SmUJwXanD6d0ZrQH5lDX1I1qsxMqjRHmvhkw5zmsz6vAbwCSvJa0/dLQ+xZ1DRbU8E7YBt+DNdxDKWNAsboRF7qmoNZxyCmrRZriHDYfckQ3qW5ulQAk2cW5JvE8siRVbvbMgu+fgfHhNPTdcdTfjaG2fRINPXF0BBJo8yfACEFsLLWPSgBi2Fd/eBEOciEMzOIqaffKg3e45JyCrjMG7e0oKlsj0LS0oqblJCqby3GCU2IHyyJt/43VFHEbw+OLsHY8wR5lGYrLD0MvdKJn5AO6gvNSVaPzFgy9p+GZsOPNnA/W4SocsWYh58wWByUrOoqs3ELQGZmQy+VQKBSgM7ORkX8A9DY50mW7cdxUBHfYBnfkumgiBD8Lq1+D3Op1X365SdP0NMMw0Gq1IOtwqtMlehkGJ9qQOh6P20UAUgG7iEJEz4iOpQJ2ajcsW3xqcD7pGcENVfzsYHlF35UEmg4K6bjmY6TK4izuybmw4j9PgnmiT2LbP2ZePP8OiAqyZHfdgY0AAAAASUVORK5CYII=",104
38,76,"OCTINOXATE, TITANIUM DIOXIDE, ZINC OXIDE, OCTISALATE",$28.86,"data:image/png;base64,iVBORw0KGgoAAAANSUhEUgAAABAAAAAQCAYAAAAf8/9hAAAABGdBTUEAAK/INwWK6QAAABl0RVh0U29mdHdhcmUAQWRvYmUgSW1hZ2VSZWFkeXHJZTwAAAKzSURBVBgZBcFNbJNlAADg53v7tdR1o4vup/yk20IQxqZsLIskCsaTGi7sYDzIzYtctDEkXkwWEhOvix4kRG8eOKkh/iUmDgJiREVh6PidcRnb2Ngcg3Xr1671eaLKm1ozRaNiJQABAQABAFDDrLFk2sk4UzRq90slnUOk0oSYKCJERIEQESKkiBChscnsr6XMt2fFYiWdQ1RSFIZJYeFvHlwhBFIBgRSiQKNBcxsdB+g4W4pBKk3IMjgCGKG6xu0fuPMNm48R0Wgg4r95sk9RJ6gjiinPMfElUxdZWySdY99RXv2I7QcBEdUqG1VqCQmxgBBRnuP654SIONA2wMAx8kWee4crp61NfWWmmpfKD1ibOq+4pVUsIKAwzOESK9PMXmF6nB/fY+g4xcPK2woePXxWoe2QfM+glX/2uPugJlaHFBHSOdp7ae9l3wgXP+D3U8orl1XSZU/uft7y3UmZKNGytSDb1iMWEGH5Kt+9TUc/e0fItfPC+zbG31JJPZTvfkVl7oxMU+TfP2+oV6p2/fSFWEAINALrC0yPM3eZZ44pZ6ls3ym/64iNe6eETE26uUvu0TVtTbtlVx+L1SEi1eDgCdLNTJ83f+5D+gZ19B+1ce8TIV2TrPZYunTVtnKrbC4mIYDQoL2f7cO095qvNax09uvoOyKZ/1Qq01BZ7bJ44Tc7Xz8t2zVErUFCACLWF6mW3bp0xvLyjETR3MTH6jasLe+wNP6z4o4XpbduI/MEm5vUiCVo1LDJ9++6OnnHa8c/c/PMCbcuXLKluF9YmjKwUpNePMeNa9Q2ackRCGaMmf2F5jbynW7fvS/562s9+w/J5fa4/8ekvs6nZfsO0N1DazMtOaYmyBiLKi9rzRSMKiip88blVvu7Ow3v7bE1WdB787qm9YQENSSIkTG2Mevk/++B+Jm41JzeAAAAAElFTkSuQmCC",69
39,20,NITROGEN,$120.75,"data:image/png;base64,iVBORw0KGgoAAAANSUhEUgAAABAAAAAQCAYAAAAf8/9hAAAABGdBTUEAAK/INwWK6QAAABl0RVh0U29mdHdhcmUAQWRvYmUgSW1hZ2VSZWFkeXHJZTwAAAD3SURBVDjLY/j//z8DJRhM5Mx/rLLo8Lv/ZBsA0kyRATBDYOzy8vJsIP5fUlLyv6Cg4H92dvb/1NTU/wkJCf8jIyP/BwcH/8fqgkUHSXcFA1UCce7+t/9n7Xn9P2LiPRWyXRDae0+ld8tL8rwQ1HVHpXPTc7jmuLi47IiIiP+BgYH/vby8/js7O/+3sbH5b2Ji8l9XV/e/mpoaaiC2rX/+v3HN0/81q54OUCCWL3v8v3Tp4//Fix+T7wKQZuu8S+THAkgzzAVGRkbZ2tra/1VUVP7Lycn9FxcX/y8kJPSfh4fnPzs7+39mZmbUQARpBGG7oisddA9EAPd/1bRtLxctAAAAAElFTkSuQmCC",79
40,61,Carbidopa and Levodopa,$41.97,"data:image/png;base64,iVBORw0KGgoAAAANSUhEUgAAABAAAAAQCAYAAAAf8/9hAAAABGdBTUEAAK/INwWK6QAAABl0RVh0U29mdHdhcmUAQWRvYmUgSW1hZ2VSZWFkeXHJZTwAAAIjSURBVDjLY/j//z8DJZiBqgb4dN1jDpnycL5Xx111z7a7/JVrnn8Aibs13DKrXv38t0/b3XkEXeDVdjetZOWzJx7Nd4y82+5McKm9pVm56tnPgK67a4n2glvjraicRU/vudTc5AzsurcmdOKDg3i9YGdnx52VlVXa2tr6bt68ef9ramoeJqXnXwHJ5eTkSAD5d0HiIHmQOpB6uAFGRkZsPj4+XRMnTvz/4sWL/3fv3v1/8ODB/42NjfdACqqrqw/dvHnzB0j8yJEj/0HqQOpB+sAGGBoa+hUXF3+4evXqu4iIiG3e3t5/UlNT/0+aNCkPpCA/P/8/iA8SB8mvWLHiIUg9SB/MBV1NTU3fJ0+enA5U+Mne3p5j7969HOfOneMAKTh06BDH2rVrOYDiakD5JyB1IPUgfWADdHV1M9PT099PmzatJCgoaKejo+MvNze3/4GBgf9BCoC0PogPEgfJg9SB1IP0gQ3QBAJfX9/rvb2971etWvV23bp1/6dPn/6/sLAQbEBFRQWYDxIHyYPUgdSD9IENUFNTYwY6z8DLy+t+SkrKl+zs7O9A/DM8PDwOpCAhOfc6kP8JJA6SB6kDqQfpw5kOPKtvHHTIu7JGL/wMZ0DzrXvaIaejiM4LTgVX1yZOuvdTN+yMplHk+QmaIaeNAhpuPlEPPJFG0ACr9Ivz4ife+60TesYMxA9tu/UBqJFfPeCEulHk2fmqfseZqZ4bAf27e9aCOQHGAAAAAElFTkSuQmCC",39
41,27,Mugwort,$21.06,"data:image/png;base64,iVBORw0KGgoAAAANSUhEUgAAABAAAAAQCAQAAAC1+jfqAAAABGdBTUEAAK/INwWK6QAAABl0RVh0U29mdHdhcmUAQWRvYmUgSW1hZ2VSZWFkeXHJZTwAAAEUSURBVCjPXdFNSsMAEIbh0Su4teAdIgEvJB5C14K4UexCEFQEKfivtKIIIlYQdKPiDUTRKtb0x6ZJ+volraEJ3+zmycwkMczGzTE3lwkbxeLE5XTqQfTIjhIm6bCy9E/icoOoyR4v7PLDN+8ibxQHxGzE3JBfHrgUalDnQ6BNk1WRFPjs66kDNTxqg0Uh5qYg4IkrjrS9pTWfmvKaBaGaNU4EY+Lpkq88eKZKmTAhbd3i5UFZg0+TzV1d1FZy4FCpJCAQ8DUnA86ZpciiXjbQhK7aObDOGnNsUkra/WRAiQXdvSwWpBkGvQpnbHHMRvqRlCgBqkm/dd2745YbtofafsOcPiiMTc1fzNzHma4O/XLHCtgfTLBbxm6KrMIAAAAASUVORK5CYII=",107
42,7,"AVOBENZONE, OCTISALATE, OCTOCRYLENE",$56.89,"data:image/png;base64,iVBORw0KGgoAAAANSUhEUgAAABAAAAAQCAYAAAAf8/9hAAAABGdBTUEAAK/INwWK6QAAABl0RVh0U29mdHdhcmUAQWRvYmUgSW1hZ2VSZWFkeXHJZTwAAAIBSURBVDjLpZPdS9NRGMe98zLw/H47QxDCLoqgC/+E/oJpL1qtNxMlRkhIYO7CoJuwQLqILoPwpWnkluKknNWVXVTWXnzZ3Ku65ftsm7/z+w3p23NGQbFZji4enodz+DzP9/twTgWAiv+JkofinblS5t235vbdN2a17AYEQebcFEfWw+/I+tskxz8bEOj5DQwI/0UQOL7zmu+lX/FNebc1YTq66TbVlGyQneLfMx6OzCQP5VOPIEMPd0JP3AOBLgKxMW5CkQKaxgm8JWuahvzXxwR2QczboC/cgBGxQ4t0Y23MhH0tSJBkIue1wojfhZhthQg0Q/gvU1yCEbVj52MjUi4VSaeK5RG1ssgCyUwXZNNUEbhaADXfeWjes6TmGnLBDgIVZ5EC8uaW3jIzF5BP9kLMtUEuUPOdI/gMtC8WUmQlG7ex8d6C+HMFsWGlqkjB6qj6MOu/Dj3YTqCETxdgzVtPe7iJ9WkLokNKS8TB2sIOdviPBqmXqjVJ/rY/NMFYfkBNbKSiCcJ3CvqiDVufriDuqkX4GUPJJa6MqE9kXnqh3E+6jyPtJRvRLhgxO7Y/tyDmrMXiIKsODbC+4AB7uu9LJG9S5pHE6DGQzMTadANCg6yHQAT7meOvL5HAE+TvkKxpWkEqTdMX+lm3rOf7qoYP9Bd+gr+gOoqTZX2mcuIHSo3eNm+GAIoAAAAASUVORK5CYII=",62
43,61,HYDROCODONE BITARTRATE,$58.77,"data:image/png;base64,iVBORw0KGgoAAAANSUhEUgAAABAAAAAQCAYAAAAf8/9hAAAABGdBTUEAAK/INwWK6QAAABl0RVh0U29mdHdhcmUAQWRvYmUgSW1hZ2VSZWFkeXHJZTwAAAH2SURBVBgZpcE/SJRxHMfx9+/uuT8qlgR6mvTHqyGwKMWpbmhvskFa2spFRJxaGlprKBQcKmhqcWloaQ2ixcFaDhUKLDDJSFHvT+fzfD/ffJC2Go5er+Du/I8wPrs4Vbk+9nC74V3ugIRLmAyXIxduhtxxM0ziWD6ur6xs3Hv1eGIhGrs2Np8rdmVKRdrRVW/YPLAQNWLPNLZrtKsZe4ZDkZtz/+Yg7Zqe+0IqchfujpNycCAEPiwv8y+jIyOYjFSEO2bG5Nw6fzyfOUuqUqnwN7VaDSVGKjIZcufp9BkIDh6QO0ecd9UNtvaa1FoFCrmI4x3i6lABmUhFLkcmQgAXhxyCMzw8zNuP69TVxeWhE0S5LFu7B+zst1j6XEMyUhnJkIzEDJMhGUpEtVrlR7NIudTJTiuwuWckIctgXzfbzYAkUlESx5gZM8++88fcZIlUrXlAPp8jaSXIoZU4xShL4hFJnJCK3IQkntzpA5yUJFKdhRwHsREbJHJSHqBRr+MSqUgSkgMiAM6RcvkcvzZj9ptGd0eeljlRJrC5HeM/1zifXSMVxmcXF0unTk7IDJkwMyRhcUwuH9Hf18PoxdPIYbfWwrZWqPR+Y/fT++Tr6tLt4O604/WDG3f7B/of9Q5d6VldetMI7k67Xk5duDVQvvRCSjp+A5XMMGcdZp9aAAAAAElFTkSuQmCC",62
44,72,"Picricum acidum, Arsenicum album, Aurum metallicum, Ignatia amara, Natrum muriaticum, Nitricum acidum, Pulsatilla (Vulgaris), Sepia,",$66.30,"data:image/png;base64,iVBORw0KGgoAAAANSUhEUgAAABAAAAAQCAYAAAAf8/9hAAAABGdBTUEAAK/INwWK6QAAABl0RVh0U29mdHdhcmUAQWRvYmUgSW1hZ2VSZWFkeXHJZTwAAANvSURBVDjLVZNbbFN1HMe/p+d0be3p6Lr7unWMbuCQbR3FQWAEyPASkYe5mHhJTIhhPPngDAQTEGOMIZBpFiKoIWiIhAdgYxI14cFEo1M6O+Zmx1ob2MbYhbEb6zn/y7n8fcCZ7ZP88nv7JN+HjySEwDKfDX6oMpO3Uc5fpJw0UM5AGY0Ryn+U+dZP/OI116evB3WsQFoWtA+c2MUM/vVmf2OFrLhhSBYKPPn4Z3wInYnL54LSF4PcMA9zbh043xr+eZXg9F/Hm0POys5cbwke8Fn0Z4YgCwe2q/W49MdXcx6zucEn7Y01VKqBxMhjjE5mXrlypLYLAByn+o8HKKcXC9QQ+jIp/LLwOxaMRVR6yjE9dR+aRo55RdN76wvcgcIcN6qKVRDCLz5/tCcAAA6dkbaof5eaJuMY0pPQTYp8OQCVOnF94Gp/UD5zixKjtbLMi+EJikC2C1WlPpXqpO0/gbZPdrowmBkGNxmyHSpqs59GLPUbyBJ9x2BKR2SdT+aGjfFZjtQUQ1GuF5TQfU8EhG5kkgkHJETUTWjK2YGpu6OIp+MXQt5vSghh0Rp/EsFHpwC6iLFJBpeigFFSAQCKRnRS6M7LavRtwfTEfZzra59jGu84Mb//bHIxrvy6Zu3dAq37mdLwDtTP/oSbCy+BcQWcUBkAFF0n93rv9ERu/N01wwg7eWSy9ErTnPctoSeSO/X4buf+7XklZVuQXVyPGtcHSPvq8OBhITgj6ScTNPJt98C1Q+1j4fqb6Zpg04x7yCgv+9iS5cBCnRXelns7z5fnh/X4O5TXv4md6g8YSY3BYOR7AFC60pELQicnhU7OGOHyLCNcDtuyoNwexFIV3g7VviqD9iF2qRvbDr6PPNIL76JJTSO/AwAcIqMp9lLmDbY1msWrKkCSw7A1At2vwxWKvOzL0WGze4CwYWV6UbG7DYdqYrPXmzspADicn5+dsZe0A9KtOJAYhrOoGBbJYG6TCX8oAlsfgLAJoi0bYPMJuN0prNvcEjQZf3dVC0uNe54TlH7Jw2srFqslOJueRdF6D6xMDEJwxK/dQbSlGpK8BvC8gD/PH3sobHuPtLLG+eo61WL88Ghr9tGNBy9nyY4RCHMegFjRnwOyZwOmE/1I3fjo6irBMj2no4+EZT8lbAFh2ytO/P9h2xBCxP8FbMDM8CUkkoMAAAAASUVORK5CYII=",87
45,88,Mango,$148.78,"data:image/png;base64,iVBORw0KGgoAAAANSUhEUgAAABAAAAAQCAYAAAAf8/9hAAAABGdBTUEAAK/INwWK6QAAABl0RVh0U29mdHdhcmUAQWRvYmUgSW1hZ2VSZWFkeXHJZTwAAAIpSURBVDjLpZNPSFRRFMZ/749/Kt3IqFTSRoSMmrGIYTTbpEJtjBCCok1Em9JVG1dRC8FFEES5aGFEgRRZWq1iLKKxBiNqLDcltQgmHR9hY6LOu+feFm+YGVsZXbh8nHO53/nud8+xjDH8z3IB7r5avGgMZ8XoBq01okFpjYhGtEGJLtmCKINo/XbgVFPUBdDG9PVEq0P/UvnSvdlwQYFoHQIY/3obpRVKFL5W+OIXUVThrL91AN+XihKCwIeTu85sqPryqsJXUvRARAMwkshsiKB7fw25UgKVJwA40V7H/cl5jh+oL+RGk/P0xIqxl11dr8AXjTYG14HRNxkcx+ZhMoNlg52/ND6VAWMoc6F5+2Zy/l9PMIDrWByL1jI+tcDRaN06BaXxbDqLUnq9AqPBteHpuwUcJ0AIcgBXH93h+/wEyyuLrPk5cmv7gNY8gdIYYyhz4PDeWuIpj85IsS2ujQ2zJAk6DkZpqGnixcwYyU+PifUOX7Eh6DoAx7aIpzwA4imPeMrj+bTH+88PaNkZQWwhsrULsXxie9oAzgcESgUe2NAZCeE6AXZGQhwKh/Cyc5RZVXQ39wFwoeMmjXVhgMqiB8awe0cVP36u0Fi/iW9zvwuzkF3+xUz6Nal0gv6uWww+O02lUwGwmv8FM3l55EtLTvQWXwm+EkRpfNEoUZRXHCE5PUFbuJ0nH4cot1wSH14C3LA2Os6x3m2DwDmgGlgChpLX0/1/AIu8MA7WsWBMAAAAAElFTkSuQmCC",61
46,76,octreotide acetate,$115.31,"data:image/png;base64,iVBORw0KGgoAAAANSUhEUgAAABAAAAAQCAYAAAAf8/9hAAAABGdBTUEAAK/INwWK6QAAABl0RVh0U29mdHdhcmUAQWRvYmUgSW1hZ2VSZWFkeXHJZTwAAAJ1SURBVDjLpVNdSFRBFP7u3S3Xh1U3LN0MQ5NsrcifKEMCC8wkpWCJKKGXiqAgiF4KLCiCIIKggtBCgpAI8qEkAmXVyCW13BbJWiRchWUzV4pSd91778x05q5cihZ6cIaPMzPM+c4535lRhBBYzlCxzGEPPTofYYwVcM7AmEHQYRgSmmV1Xa617sbr/fX/EEjnNTUNEIJBMA7BDUgyQWSCyLhpDQS62velzUBG4eSU/Bk1L3K5l47SUnSJjCw3Wp03cf9qH12hTA3KVTfODNw60GaXKeaVNf23VtbfiytHK8G4QCQ2b7vbOXKDjlMEl19OIBSdA9M4DI0iEIwks/aHyr7iYvkQ7UuwqagQFUUu3H4yuMosQdeTOL16AHF1aillnVLUrPQF15HtFnAVNyI6242paS9K17mga3qqjZKAk8pMS1C0FJiJRRMrMhLILqxDlrsCtlg/wuExBCdmLQK7Ji9SpJXOvJTixpLyXKq/AFWZhDM3B+zXC+RvPob4p1f4bpSAREwRtA/MQLxppU5QC4Vs45KlebjOjf1HzgGLAQx3PEf1qUtQY0N43BGEOmkn9xNQn/Z8UD5G9bBrQzXWbtmLUExJrK9swLbtlaip2Q2nKw6eDIOYwebfobj2ApqrFpClfXn951M+7vf73/p8vl5an+zr7RncWTA9l1NYDh4fJd8Eqryl4FoUDsc4PDu8aGnKGJWOSrrPFGirPZvrOXgvf2MmRR2mkjSMdH4mEg8UWzaQWY/3D1tmqNw9aQmG7+yKbG3uKLCpkyTqDzoRf/0/W2Ypvo0FMd517Zk93aszkpoj8MCbEPTqTFEtCMvCFFvk/wbcn5vkMx8lqQAAAABJRU5ErkJggg==",79
47,94,"Echinacea, Echinacea Purpurea, Bellis Perennis, Calendula Officinalis, Hamamelis Virginiana, Acontium Napellus, Chamomilla, Hypericum Perforatum",$145.83,"data:image/png;base64,iVBORw0KGgoAAAANSUhEUgAAABAAAAAQCAQAAAC1+jfqAAAABGdBTUEAAK/INwWK6QAAABl0RVh0U29mdHdhcmUAQWRvYmUgSW1hZ2VSZWFkeXHJZTwAAABbSURBVCjPY/jPgB8yDCkFB/7v+r/5/+r/i/7P+N/3DYuC7V93/d//fydQ0Zz/9eexKFgtsejLiv8b/8/8X/WtUBGrGyZLdH6f8r/sW64cTkdWSRS+zpQbgiEJAI4UCqdRg1A6AAAAAElFTkSuQmCC",113
48,15,Sulfasalazine,$55.68,"data:image/png;base64,iVBORw0KGgoAAAANSUhEUgAAABAAAAAQCAYAAAAf8/9hAAAABGdBTUEAAK/INwWK6QAAABl0RVh0U29mdHdhcmUAQWRvYmUgSW1hZ2VSZWFkeXHJZTwAAAIRSURBVDjLhZM7a5RBFIafme9bv2TjxkS8IN5SWGgKu8QmhYWFbf6DtT8kVoGAKQRBC8HextrGQhDBxoioSJSV7Gbdze53OTOvxV6yaogHXoY5HJ55z5kZJ4mjwjl3BTgPuHEKGBc3ga+SIpKOFLBSlmVhZppWnufa2traBJYAfxxg1cw0GAzU7XbVbrfVbDZlZur3+9re3t4EltwxLaya2WszI8aImVEUBYuLi5OaNE1vef4TSZLgvSdJErIso9Pp0Gq1DiEfXqy8nZlfXnZumiWePbjZHDkhSZKxK5xzmNkhwMlfv7z2uOacG81Y4BxXeXlxqh2SJME5N9lPAJhyYpkVPx4SygT8PM418MnC3zP5BzQEVM7HUGBFDUVRtd/T//6Rxm6TLztzSAFZCUR8fQEUSE6d5tLdpyOA04xCTjVwqDyg6omzaxsspheoz51k+pbGJ39+vj7twJPOnmPhxj0ggoSIFDv36ac1UPhjuLPXHiGJEEIPCCmVpJAT++9Q6KDQRbZPYXWqQY7HhmACMQbK1i69vW/Ksuw20EwpkKIRq5/IOkOI7VOfdZC5oSMZqEKxot6oMZN5k/Rm2EIpOQKyFrL9oUIH4mAE66LwC4UDFHNQDjb5VKQqY9v6e/Wqd6JBbHipBrEBOoNCAZTID1fnA6HoSWUsDgF5sfFpe30VcQdH49h3LcC9Kol6Mk79BmoIbLI/IOsSAAAAAElFTkSuQmCC",38
49,76,"Avobenzone, homosalate, octisalate, octocrylene, and oxybenzone",$10.77,"data:image/png;base64,iVBORw0KGgoAAAANSUhEUgAAABAAAAAQCAYAAAAf8/9hAAAABGdBTUEAAK/INwWK6QAAABl0RVh0U29mdHdhcmUAQWRvYmUgSW1hZ2VSZWFkeXHJZTwAAAIdSURBVDjLpdNfSFNxFAfwX+GbSGjhg+JDED2YBYVGSPiQJigYRRZGUBD0UuBDT2rkIjOV/LsH5/5oIlE9yHSbFsy5TV3zH3soZcQWtD+CmjPXcru62f127q9YM8gH93D4wf1xPuece89lAFgy8d+LrtOyLGO2WudOe+t1pQ55LJnq0ea7+b1NVTmgMFCU7wmEmE1EmRewh4E3G0DeZwQz5hETNjD29CxHOCDPlR2MsnHtFjNFBTYOgVkQYVag7SuwIAD+GDBL51QY1pF++EzP8PLBKQm4wwHlsYZUkb2fQs86oPkG9FCMhgAbVTbQ6RB+P5cHoKguwNJEBzpuH5WALA5os9uPI+XDRw5c8gEVFPWrlERtWwmZoFDR3a3l7cHaAriHqqVkxF/idJrmMtKdPqioyhU/ULkEyFaAgSC1HgFGqAvFOjxNzqC19QK+vHu0G/AzbSOer31HHVW9QcBNAp7Q/K8JcEcB4w9AH8Jwiw7OgeuYlpdKwGIcCLMxPVXY4a2X0luvJegVJZs2AWXgJ0q8EZR4YjPX9BwYri+UgIa/e3DANovOANBPM7+gMbTU8kkXfQm76M2fdKB5rWqrzNV3JicTi31Xobp3QgKK4oDliFK9ygzhTWYWQ8wkrjDjtvmwxp64E5RQrLmfxztInH/PRfoHaNE9Pp8U8GlOUZEUwJPNrRfjK7wvYPDhOQmo2Q/Q/ecvlM5DiXe/ADHD2LkNLqYxAAAAAElFTkSuQmCC",113
50,34,MENTHOL,$86.15,"data:image/png;base64,iVBORw0KGgoAAAANSUhEUgAAABAAAAAQCAYAAAAf8/9hAAAABGdBTUEAAK/INwWK6QAAABl0RVh0U29mdHdhcmUAQWRvYmUgSW1hZ2VSZWFkeXHJZTwAAAIuSURBVDjLjZPBaxpBFMY/E5u1MdZuNFgVaqsHoSCE0BzEm6eehFxaafGQQ1oCtodCj14tFq8pveVP8NCTUForCLnYSwVbexHrrhFtm4jiqjuznRkxRDDBgeENb9/83vfe24FhGFhmt8JhY5F/BUuuj/v7C/0mTpmtarVqEEKg6zpmlu9Op4NSqQSPx4NAIIBYLGaa3TFfpk0mE/j9fnG+DObnaDQqbD6fn1MwB+DZ+Pryc1oZYQxCAWpQpgh49EDHaDS6GjAej0WWnTv/FjYSuL0c4KQpi6w6nSrQWXZKDext69A07XoAX7vu7hXjlK9XwD/ywK/1TVa/IRRQMu2FwRQ8eTi5XsE5OcNwOIR0WkSj0YDD4UC33UYkEoHNZsPx8ScxynQ6/VdRlLeVSuX9BeDNyeE9s03Cea4nxplIJDAYDNBsNlEoFGC32/n8YTab0Wq15HK5/I4l2boAUErv/6mdAb8bePz0GVKpFA+E2+1GKBQS52w2C7WlYsNh/fby4NUOAzwXgNelF7dM1PRZq4+xvrEugPyHqtfriMfjkGUZ/X5f/JFHH45AtkebPIapkgSA6OSQ6NTor/VM6qkiALVfNa4KmUwGVqtV+HhJYI1d+37zLnYB1gdNvIVkMmnMAnq9HsLhMLxeLywWC9qsibVaDZIkwefzweVyYagNoSoqisXij7nHFAwGV1nNIZYxx7q9xS6tMvdKt9s9YFZxOp05Zm+wcRNVVTss4d5/6EF77ncyqQUAAAAASUVORK5CYII=",101
51,88,Benzalkonium chloride,$145.59,"data:image/png;base64,iVBORw0KGgoAAAANSUhEUgAAABAAAAAQCAYAAAAf8/9hAAAABGdBTUEAAK/INwWK6QAAABl0RVh0U29mdHdhcmUAQWRvYmUgSW1hZ2VSZWFkeXHJZTwAAAH0SURBVDjLxdPPS9tgGAfwgH/ATmPD0w5jMFa3IXOMFImsOKnbmCUTacW1WZM2Mf1ho6OBrohkIdJfWm9aLKhM6GF4Lz3No/+AMC/PYQXBXL1+95oxh1jGhsgOX/LywvN5n/fN+3IAuKuEuzagVFoO27b1/Z+BcrnUx4otx7FPLWsJvYpIM2SS9H4PqNWqfK1W8VKplHlW/G1zs4G9vS9YXPx4CaDkXOFES4Om4gceUK2WsbZWR72+gtXVFezsbKHVamF7ewtm/sMFgBJZhd6pvm4kDndaAo2KOmt5Gfv7X9HpdNBut9FsNmFZFgPrMHKZc4DkjHyi6KC3MZNehTOuGAH5Xx5ybK/Y3f0Mx3Fg2zaKxSIMw2DjT0inNQ84nogcUUQJHIfZquNT3hzx46DBALizg2o01qEoCqLRKERRRDAYhKYlWRK/AJdCMwH2BY28+Qk8fg667wdXKJjY2FiHaeaRzWYQCk1AEASGzSCZjP/ewtik5r6eBD0dM+nRSMb1j4LuPDnkFhZymJ/PsmLdazmV0jxEkqKsK+niIQ69mKUBwdd9OAx3SADdHtC53FyK12dVXlVlPpF4zytK7OgMyucNyHLs8m+8+2zJHRwG3fId9LxIbNU+OR6zWU57AR5y84FKN+71//EqM2iapfv/HtPf5gcdtKR8VW88PgAAAABJRU5ErkJggg==",56
52,12,potassium chloride,$23.29,"data:image/png;base64,iVBORw0KGgoAAAANSUhEUgAAABAAAAAQCAYAAAAf8/9hAAAABGdBTUEAAK/INwWK6QAAABl0RVh0U29mdHdhcmUAQWRvYmUgSW1hZ2VSZWFkeXHJZTwAAAHvSURBVBgZpcG/S9RxHMfx5+fuq10d/SJKQ+rUaLoWw60bIoIgaKhBpDksDBFbCooQiqAlURCp/gIjHIQWa4h+QDRYtFhDqOEdSqCSelbfe79f+UUEg35Jj0eQxP8Ip7sGLxaONt+eLSsrAe7IHXNDLlyOzHAJmWHubKuOl8bGipeH7rT0R81HmvuqMtlUTYaNyC6VrQ/oj8qxUuXZRTZqOVaKFZFMXDtTx0Z19E6SiCRHEiIhEBACb0ZH+Z3DTU2YG4kICTOjrXeCNfc760kUCgV+ZXFxEa8YicjccIm7HTkIAgVc4k/cHTcnEcmFmxMCyFkhCCKfzzM/P4fEOgEQAXA3EpG74W6IVYEVgrH3Y/xkdBh7PURl+hPp3bUc2nwMOEVUiWPMjM57M6zpbashUSgUSEwNDzBXfMXBs+1sasiz/G6E7PMnPD5e1RHJHHen59weQCTcnfXGH/bQ3HqBzMen8OwmW7bvoCGXY/SDuiJ3x12AEwCxqrHxAKVSCQh8L02QqW2Ak5dYE3XvJe2hPiqOTz64MRi3uBlujpnh7lgc4+64REtmJ+W3j8gOt/NteZoysPAljaUpBUn8zYvWuu7qrdmr+3ZVoig1xcLnChMzaYu/6nqQxL942br/ytJs6XzaQs7SKgoGToxUbv0ALswWDRrf9Y0AAAAASUVORK5CYII=",39
53,40,Dextroamphetamine Sulfate,$90.52,"data:image/png;base64,iVBORw0KGgoAAAANSUhEUgAAABAAAAAQCAYAAAAf8/9hAAAABGdBTUEAAK/INwWK6QAAABl0RVh0U29mdHdhcmUAQWRvYmUgSW1hZ2VSZWFkeXHJZTwAAAGkSURBVDjLpZM/T8JAGMZf/gRU0lgU1EZDok5KSIwOfgKJhsGlgyaOfAE/Abo7dNfQ1W9AmNk0kjYO6ISLk4tBDJb27nzfKyWNFhLjJZeXlnue5/feXWNCCPjPSEa9bLfbpud5Z67rJrECVjmHwyHVW13XTyMNbNueR8GNqqp6Oj0HDoqAc5CMSJrNqtBsNk7w6beBZVmHJM7lcquZTAa6L69A6ZwL4IKjkQCGZo7jRLeAixuFQkH+Hgy+wEXxo/2ABnw8D8pHso1IA+oxlUpBr9fzkxmD7eKOTBejdNrwiQTkzFBEi+hgCN227rEymU7/aZXj6QT+Xgm5mAyKpV2ZHlCIiD2IhwkCA2lCyczv/U3pQv3dAB5aF9nCWDwSBun152v4/PDk80QDQgtuJYn4CJnju/PFC+ALRMfHrUYS0CkkEgk/mXEpIAOfxN/cnwTxEMFdq9WCfr8PiqLAzGwab2BMGjHh0xDhRIJqtbpvGEal0+lcapq2t76xCUv5NSkIWltZzss7Eh6xqK+xVquVUXiFsxR8TFRp4hE/maa5NdXgL+Mbb/xsAcKofWEAAAAASUVORK5CYII=",92
54,31,Pullularia pullulans,$81.63,"data:image/png;base64,iVBORw0KGgoAAAANSUhEUgAAABAAAAAQCAYAAAAf8/9hAAAABGdBTUEAAK/INwWK6QAAABl0RVh0U29mdHdhcmUAQWRvYmUgSW1hZ2VSZWFkeXHJZTwAAAJ/SURBVDjLY/j//z8DJZgsTV+9fAu+uHo8+GzvXECWAV+c3R//mTn9/ydLu4eka3ZyY/ts63T3k4Xt+4/GlqS74JONY+9Hc5tdH4wsmAmGgWv9xQKX2nMPnapOF4A1WzsEfjSzefLB0FwUHoi/szPX/05P/f0rOWk9ugHONWefzNl44X/B/L3/o7LXnn1h4fitN6i22Tx7W5tpxqYHxmnrChh+p6X+/rd10/+fsbF/f0REmiE0n7F3rDz5wb7s6Bu3gt3Vz80db69zTd1mlr11tUnGxt89Cw/8N0ha9YDhZ2LC+p8xMb9/hEdc+h4Ucu+br//JFXFNi5zKjz20KztiDzIMGFgzP+iZboQZbpSypsAgaeUjvfilqIEI9C9bV1LfvnnRaT96Ghr/zZs3739Xccn/S9aO3+cEh6nV1NTcBYm1tra+y8rKKrWzs+NG9q+EY8XR4+7RFdcmTpz4/8WLF//v3r37/+DBg//7S8v+V1dXH7p58+YPkNiRI0f+g9T4+Ph0MbjWXSgA+vc50L9vLEJq5hcXF384d/ny/4iIiG0+3t7/UlNT/0+aNOl/ZWXlfxDb29v7D0gOZAhILYNT9ZkHk9dc/A/070sjI6Oupqam7yAD/P39uezt7T/v3bv3/7lz5/4fOnTo/9q1a/+DxEByIANAahkcKo4X2JUefmBTtL9AV1c3Mz09/T3IgKCgoJ2Ojo6/3Nzc/gcGBoIxiA0SA8mBDACpRQlETSDw9fW93tvb+37VqlVv161b93/69On/CwsL/1dUVIDZIDGQHEgNSC2KAWpqasxAJxp4eXndT0lJ+ZKdnf0diH+Gh4fHAbEzkP0JJAaSA6kBqQUAGVqFjOjvxXwAAAAASUVORK5CYII=",109
55,46,Beef Liver,$101.70,"data:image/png;base64,iVBORw0KGgoAAAANSUhEUgAAABAAAAAQCAYAAAAf8/9hAAAABGdBTUEAAK/INwWK6QAAABl0RVh0U29mdHdhcmUAQWRvYmUgSW1hZ2VSZWFkeXHJZTwAAAKtSURBVDjLlZJvaNV1FMY/vz/3zrt77xjs7s7mVZNS3HAuFIWwXpRWexEYDANFKQpfyagE8Q8iUfinKHwTFL0wzBcWMWjpCxWJJQ6hHGOSNtzcTYmma7ipu97tfs85X1+s1DcmHnjgcB54zsNzTnDkzPge79ms3gpmhhqIGaqGmkfUHoKi4lGz3/ZuXLgSIDbvO9pXZnM8QX34/dDS//pYzXIAXcOHERNEBWeCU4czoTFTIFedpy6V48TVn9jSsgvntOohAQ/AhuZ3H7v5+JVOvuz7BCdreSCgBsDRs6P3hw21SZLZv+gdP0Hx1gAiijhlTrpASe5wu/pb4DMAQvlXAGD9C3miwDN/3ii/jneRiVKsbmxjzdw2Xl3QxuJcE00Nzcyum2btV68NAcRODfOeOILOc6NEUcjp4R6qqaa+Kk//jT6Gx67gKo5CzVxEhMGi0tVx8lmAUNXwQBwFtD+fJw7h77uX6L/Rx7HLP1KZCjn0xnccebOTcmkaK0ckJzfx8oFVqfsOvEEcwvHef4giePvpj8jMiggCuHmnwtDIXUSNFDk+eGUnW4b6+HlHTxkgdGJ470lE8PryembFAQvyKeprkuSySeqySX648DmLCxn2t39MGISkq+IHVxCbCTEKA073jwEwOFIim4JEmGDfqe1MTE5weaQEwKddHfx+/Tyt74sXJ1dDEZnJIIQ1rTniCBY+lWZ2bZqD3buZsttECeWdr19i0xcvUmKCDe3rWLFsGa4iJ2cy8J4l8zKM3CzzTEOK4vVJdh17i9psDa2LWlBTlixqRr1iXhksDvPLmZ5eFT0abD106aw4fa6ilnaiOFFUDKdGIvsNUWoCEeXiwB9IRRCnhDSOlaf+XFc8fK0b7/3/Yvm2lu6l7zVdeBQfPu7/K9NutavIwKP4e594fYOHzxflAAAAAElFTkSuQmCC",37
56,7,"Arsenicum alb., Berber. vulg., Bovista, Dolichos, Echinacea, Hura brasiliensis, Hydrocotyle, Lycopodium, Mezereum, Rhus toxicodendron, Rumex crisp., Sepia, Taraxacum,Thuja occ., Urtica ur., Iris versicolor",$12.08,"data:image/png;base64,iVBORw0KGgoAAAANSUhEUgAAABAAAAAQCAYAAAAf8/9hAAAABGdBTUEAAK/INwWK6QAAABl0RVh0U29mdHdhcmUAQWRvYmUgSW1hZ2VSZWFkeXHJZTwAAAIgSURBVDjLpVPPaxNBFP6SXZuYZWlsQbQhqRFsD1ahVgUPIuhBEDyKAU+ehB49FQTpQbwKggj+Cx6UgigloJQsqJcWCykppJVqTILi2iRms7szO86baVMFD4U8eMyP975vvvdmJiaEwCAWx4A2MIHpOM/+W0MUMekCQtDIpQdgjINzJqOhnDOEYQiTksfGTvWB1BMhoh3XBDQnkt0xiijGsbZW1ARkvt9WAB3UCRrEd0C7rhUlk7ZU4GkCzRwhlUojmz2DbtdFs1lBLndO7odYXV3A1NR1GIaJ9fW3cN0ttc+YjzhjYZ+ZwJub72WgJ8FnsbHhoNP5gXz+gkquVIrykBEQhvNQKpAE1BSqkzbIWq06qlUHnudicvIyLGsE9XoZtn0YExNXsL1dU7l0KB1kRpGnOquJoIKcc5TLb1TS9PQNZDKnsfToFuIrH+DXpPxhG73zl8BTPkySQfI5D1RTZmYKSloQdKTcURXbevEYhxpfcOLmLBL5k/A+LaJcKiJtSAVUm1YQYHn5+T+d7vvLJ7h4ew7J6jtg6QFSw2kcy42jUfoI0/d91dFEwvrr2vbundae+wvJI3ng2t29Fzh/FAc7ASnwZL2vVWfpdQnhy1Gol0ckpO546gC6K69gLczC9xroSoJ2y0DPGkJsP7+xVMjMD9nWvewoM834V7S/M3xuGjzsifux/X5np5Cb+/3z2x2Dx8a5IWoS9fTqInv4B7QMlwnqx2E+AAAAAElFTkSuQmCC",27
57,95,Sodium Bicarbonate,$130.76,"data:image/png;base64,iVBORw0KGgoAAAANSUhEUgAAABAAAAAQCAYAAAAf8/9hAAAABGdBTUEAAK/INwWK6QAAABl0RVh0U29mdHdhcmUAQWRvYmUgSW1hZ2VSZWFkeXHJZTwAAAJcSURBVDjLfVI7aJpRFD7/7y8qdlDwQdQYwQYJJdCSNmSwlBQcQjK4Zil0KIUgXVwFUeji1Lk4dLGh7RCoDhYtRQoODnUqjVY0SJKKT3zg83/03Jv+YlLMhcO595zzffe8GEmSQD7CK580sztgmkgAtYsiSETwTrTq4ADg23fQfv3CyBgOFo7E8/NgGTgnkYmms0UIsNcIZvwVQBCoDDY24PzwcP6mJLcSoFOaToFdX6eAhtsNo50dGJpMwLpcAOMx9d9GEGYuLkHhcICwtQW91VXQ6/XQ2N0Fbm0NxF+/acxSAtXx+yBc/gnDWRXaSGBaWQGdTgc1ux3E0xJIxXJY9/NHcBHDkMbk83kNz/MuFMVsNgPHh08vzx67X9i2H9GgWq0G0vHH+On9zRDxT7EM1A2/31+lBLlc7lypVFoFrBtJqJDUWZaFyWQCHMdBvV6HZrNJgNTf6/Wg3W4/o2NE49FoNIpZrdY7JOVutwvD4ZAK+YAQm81mcDqdoFKpyIdQqVQ+I+6EkRcplUrdRUPCYrG41Go19Pt9CqSzRyE2EceYTCYFjAuGQqHX15ro8XhKWNvDYrF4QtJUKBQUIP5bICyRgNsYsyeD/5uC1+sdYECq1WpRAtIDohmGoSTYj0E4HE4tHSM5GLRvMBhoylqtFndnTBtK7qjt2PnNpQTRaFSDGTy12WxQrVYhHo+XMpnMu2w2C51OBxy4YFje/lICBD8xGo0arJV0+i2+HwSDweeFQmEvFotdkH7cJOBupG8tl8sVBB4FAoGkbI9EIkmfz3cvnU6/wR3YXsT8BaM2jDnYpij1AAAAAElFTkSuQmCC",61
58,37,Candida albicans,$20.80,"data:image/png;base64,iVBORw0KGgoAAAANSUhEUgAAABAAAAAQCAYAAAAf8/9hAAAABGdBTUEAAK/INwWK6QAAABl0RVh0U29mdHdhcmUAQWRvYmUgSW1hZ2VSZWFkeXHJZTwAAAF7SURBVDjL1VM9a8JQFD3PiEGSCO1ih1gnB0EkdCkKzp0E/0IHIRQc3bJ0LTh28me00CJ06SSddGmQGKpYHbQGVEz8wte8QIqQoYND6YXHvXC5h3POvY9QSnFMhHBk/D1A2C80TbtzU9X3hGX/bbdb1Go1UqlU6Gq1Qr1eJwEGu92uWiwWkU6nkUgk0Gq1cKtmoF29Qdd1qKpKJUmCKIoolUpGgIEgCGi321AUBbFYDPl8Hi/vQzSbBZTLCpbLJQaDAXieZ/V5AIChZ7NZPPRP8dxjxCIonMm4SKXQaDSQy+XQ6XQgyzKTFAlIYMjRaBRPZgizPY8ZeLx+CeA4DvP5HEy74zhYr9dMbnALtm1jsVi4pu1BmUUcAQ0RjMdjr/crwHQ6hWmauDyxIBEHIrGRCfdhGIY35A+zjRxe748Hk8kElmW5G/jEtWsiY9PTe/gYDhGPx71eMpn02DCQAMBoNLp3ad50u13i736z2XiZuX94F248+nPk/3+mb7TL1kbVXJ5aAAAAAElFTkSuQmCC",22
59,43,Fluorescein Sodium and Benoxinate Hydrochloride,$96.03,"data:image/png;base64,iVBORw0KGgoAAAANSUhEUgAAABAAAAAQCAYAAAAf8/9hAAAABGdBTUEAAK/INwWK6QAAABl0RVh0U29mdHdhcmUAQWRvYmUgSW1hZ2VSZWFkeXHJZTwAAAG9SURBVDjLpZO9apRREIafDVuIhMjGhPwJukashNjoNdgIqQQbG8U7ECy0i4UXIMQLEKxtrCwsRMRKbBSCoBhQwRjwZ3e/M/O+FufbTYRYZWA45wznnXk4Z6Zjm8PYFIe0LsDDG/1pm03jy5gpAzbIxga3q2wMv2Q/uPXo8wZAZ/P6qVmbrd7iyd7cUh86HWhFMvvcpKBE4fv2B358+7Rx+/H23a7Nq+PL/d7c8ipf3r+kjH6jhDSkTAjCRoISZmbhNDMLq4S4c+/K8rmu8fzahYu8fvaEwc+dKm5FIZMJIVMSIsXu1ltmhw1nzq6x8/XjeteG+ZVF1q/dRKMhVqBInElG4igoApXxPlEJpo4t8eaF6drgEIPdd6j5g0KoqCYpSRShkq0LlZps+ugJZOjWxxEuSQ6zVohETZIh1LTiNqYQGTVmtwQqiUZBjgKVICfVsj0Ll7GwpYvcI1AkOSyUYTkQN4twCjWB0jgryYTAjYhRkIPyH1zVilETOV19QlCSHAQ5bA7GTaEUDuFxZ9EmsCGLOLJyvv5AGmvvstVWlGt/7zNjOvevrjy1uST90+8Hz4HBVYkrwfPOYcf5L9lR/9+EMK8xAAAAAElFTkSuQmCC",114
60,5,ropinirole hydrochloride,$41.78,"data:image/png;base64,iVBORw0KGgoAAAANSUhEUgAAABAAAAAQCAYAAAAf8/9hAAAABGdBTUEAAK/INwWK6QAAABl0RVh0U29mdHdhcmUAQWRvYmUgSW1hZ2VSZWFkeXHJZTwAAANBSURBVDjLXZNrSFNhGMcPQQQRfYv60meJoiCtROuDZRcEA6MP3ckwS0tlZVlptnXRqavMaqZ5Ka1Jq1bOmWiXs466mqZzLs0103CmLp27HOdlaf+es2xFL/xe/jzv8/+/vA/nMACYsWpmDiEmjEQTMU+o/wvVFs+e64mAP3XGoWLmEtljzXv7vSMsXM37bHp1ZEPyK6+WsM+ifa+O4tyGuJHxzjQ79euJpb4AWwWT6tLv/zY1VI3hd9GOD8oQXtowglvNNhS3DfoQ9DWuB23K1R6nSeLh205+J18LMZex3mPOu41p9qH6aIfuQciPvHd9eGQcgIL7CrmqA3mPO3DvdQ8Uhn6UvGXxSb11Ztz6eHro+TIzeQOYLwXMhq7C+ebGopWebLYHFfo+qNhedFtdGHHxGHaNwdznQnldN0rqe/GoUgajIniys3BhK3kDfINILq7KSXlqQmFDL5R0m7BGnU58/jaICdIC/E/gjqYbcq0F6UoO8aW6K74ZCNveghbtqScm3Kkxo5Nu9vz4Cd7jwe2SUtgoyD05iae1b8B9diJT2Q6hV/D4A3bmcnaRohVZD42wjXsxOjmDKTo4K5bggaoSKRckqNPpwQ5acEKuh9ArePwB2zNr7LFFeohLDejjvRQyA6vTjcuyqz4zZ2hHWtMJiOpjkfDmEGLL1BA8/oBt6U+0u66zkJS34K3FiQF6tNXtxQttI3rsLgxNAymNiSjvzsfVVgkSa2MQmXWrxR8Qduq+OEL8HEl3dZAqzRimgY16AfcMQdpBASfZeJSY81BMSBpTEK3cjUj55rW+gNAEeRDRseV8FUQFHLKUXTD0OsDTPHiPF0bShyujkd8hwyXDaeR9lCK57hjCczb8/dbXHpYdiZOWe8LPPMMB2UuIbnJIvtEA0fV6HM9lsU+xG7ntGTjXlIgc40UkaGKwXrxmwh+g0+nCTCYTXrPcdOixIqw5rsC6JJUPQe+4G4Ws1guQGtIRrz6EkPQgb+Dplb+foNFoFhG8xWKBuqrKvmpPmmTFrlQtYZ9FG3Fj84Sk6QyOVh5EcGogDmTv2eEfYllZ2QKii5gilv//KwtslIaORuRuQvC5QEjzM4apb4lQ/wXCx9fe4QKeWQAAAABJRU5ErkJggg==",113
61,76,"polyethylene glycol 3350, sodium chloride, sodium bicarbonate, potassium chloride",$45.69,"data:image/png;base64,iVBORw0KGgoAAAANSUhEUgAAABAAAAAQCAYAAAAf8/9hAAAABGdBTUEAAK/INwWK6QAAABl0RVh0U29mdHdhcmUAQWRvYmUgSW1hZ2VSZWFkeXHJZTwAAAG8SURBVDjLjZNJS8NAGIarv0PBuzcV/4MHwYMHL/4CPQsexYvoSW2RioiguJ9cigtFKhpxqVtBXGqtVRO62TbJNFMb+zpfNKJVMQMPCWTeZ+YdMi4ALjGqBPWCxn+oEVRSxsb1IajnnGeLxeKraZr4DfEdbrd7sFxiCxoprOs6GGOf5HI5ZDIZxONxS6IoCjwezzcJjQoS0ATDMFAoFKwnoWkastksEomEJcjn86BFvF6vJfkhoLANCSigqiqSyeSPSh9nUvFNIGp8TqB36m1XSaVS1k5kWf5bUM5XCe2EziOdTjsXmGYRgVAMi9I1JrbuMbPzBF/wAS8F5kywfX6PlWAcNwrDXYpj/1bF2mkS/pOYM8G8JOPiUcNBNA8pwrArCMkcs9vR/wXUf9wfRTjBId3q2Anr8F9qCMY4pgKPzgSzovPFE0Pg+j1MHD1wjPqunFUIhBTsh1Uci9Be1MChWH35TIN3cgl97XU95YJSueBZ4zi8ecaCOIu5XRljm3cYmfQhtDYGabidTXfWttl3oUH8fUyE/rxMNpGD1dLReEcpsj4EX28TswXVJHFwnS26mqu6NwdajY3+FrwBN5GpoomTEloAAAAASUVORK5CYII=",79
62,22,"Arsenic Trioxide, Bryonia Alba Root, Cupric Acetate, Drosera Rotundifolia, Ipecac, Potassium Carbonate, Phosphorus, Pulsatilla Vulgaris, Spongia Officinalis Skeleton, Roasted",$97.10,"data:image/png;base64,iVBORw0KGgoAAAANSUhEUgAAABAAAAAQCAYAAAAf8/9hAAAABGdBTUEAAK/INwWK6QAAABl0RVh0U29mdHdhcmUAQWRvYmUgSW1hZ2VSZWFkeXHJZTwAAAKUSURBVDjLfZPta9V1GMY/39/vbGdnTubEhsOcFIPjDEdCvijEwletQWRRYFIoEkFEIv4Bw4EEYm96WYFQ+ACCixINxFKokWFmakvwzESX7fGnR7ezne/T1Yu2OqPWDRc33Pd9XdzcD0YS8/bu2Z16obObS9kAQZEQwxwiPno2rtjEoc8/5as958w8J0eNeeeJ+qs4xICPcc7/A2t9LYVkgYD1SOBCwAZPh/2Dl6cvYIPDh7lc1S0u4KwnTyP5pAEXPE9Xh+hKEx6ZnSCfFiioCWf/X6Bv8NavrM530CrR7iZIlm9h49QwjzUUufTzZZz1fYsKHHm9v/f84Dd9Y8MZm6mQa3uNZNkzdM3cYfTGOKcvnOr78cCV3lqOkYT7bk1BSouKSqPgwFDr2ztWV95aWdwNST329jGO/nT5y1fa6/ZJCTGK4Crjba+O3TaSsOfbhtXYuUoCSSiKpGUzNK5B7h5yZdzkFUJlDGGIzmEf3sJmE28aSVROmBej43C67p2m3KptyI4Q7T2iyyBUQB5MDpNbSvSO8sUjZBevfUGe7Wb+kMqfmY4YOFm/dmsxffQlZEeRn0axgsIMmBSf3WXk9PFgH9Lb9aH2Lxhi8xsqkeep2d/6++ODQZCQqihWQRZDyujXxzNXpXue/K8ttGzTlCksOePKJWQARQwGFFCMkDK1/qDOLLpGANHQU9fyJMbkkPfY7C6mbjlJfTP1rSvbr+4z62vrF/zCZP+KQhRb0mXrKP/wAZMDAyUM3y4pduxYuvY58m1PkA2N9ABX/7ODEPyzpunxwvjJvYyfG/jIOzZ0vq+d96+Xum+e+OR3O2OZnaZnYcvS3xj+mF2l/dy8tofna+OS+P49ms9u59CprfxSG/8TX76Rzx39RVIAAAAASUVORK5CYII=",10
63,12,PHENAZOPYRIDINE HYDROCHLORIDE,$83.95,"data:image/png;base64,iVBORw0KGgoAAAANSUhEUgAAABAAAAAQCAYAAAAf8/9hAAAABGdBTUEAAK/INwWK6QAAABl0RVh0U29mdHdhcmUAQWRvYmUgSW1hZ2VSZWFkeXHJZTwAAAJCSURBVBgZBcFBi1VlGADg5/3Od+/cYWjUTYlRS43Zi1BGuGlVizZB0EJaFf2JNpHgPt1kBf2EXFlEZFFCUJsIsWmhI07iqOPM3HvPPed7e57ITAAAcO3mw1wOg2Fo4PbOo6NoGfuL4d7du4tv+r29yz9dfXsemQkAAK78cD8/vHDKw4Mm0DKtxqZ2fP3bE7/f2vn2wb2d9yoAAMA4psdH6c7DVEpaDc3+fPDG6XXnzxy3MS1vXf/u4LMCAACQ6IJZZdqFaRdm0+K/J3NnTnDx3DEb07WPCwAAAEQw6ahB7cKsFtt74eb20tN5mtSi3r5+9o/Z5tZWRAFASp8KoSsFiNRastaJErquk6iR5ZWXzn85iQgSkghu3NdACE0XTGsRmVoLESGTasiF1q8tH1wx9h1lU8Rzfrz1souvv6gWShQt6YLSMGW9kpmqVZRsvbGfypYOt3/29O8/XTrO7hcEEoEOHWZoH/xCC1XkrA1z+9t3rPZ2tNXCibPvq1sf2dzoZBZAyqQU/vn8nOVwIFqJalXU9eedvHAJjUypOXrwlf4ZKWQWhBTq5mtgWja1HPpqlZnjQr97DQloDudFP7BcsRpGi34wX/aOv/BYxbuf/Lp7bGOyXi1ltoFAJhptZXNtxXQpxwXtUBv35fDU7NSb/sWNy6+ehKrPDCOZ5Ej2si1pC5lzOR7J8UAO+3J8hgYAavatDkePtGFCFrKTOaGtybZBrmT2RE8ZjIsFAKi5WP61ffWd0xIBAAAASMT3tLwN8D9pITwp1Smo1gAAAABJRU5ErkJggg==",34
64,12,Burrobrush,$80.85,"data:image/png;base64,iVBORw0KGgoAAAANSUhEUgAAABAAAAAQCAYAAAAf8/9hAAAABGdBTUEAAK/INwWK6QAAABl0RVh0U29mdHdhcmUAQWRvYmUgSW1hZ2VSZWFkeXHJZTwAAAKKSURBVDjLjZJLaFNBFIa/ufcmJjHa1tYoiCIiPhCfoNKVoCIuFAWFLqS+QKXo1qUg4lLBhYIgNiiCBBRBxbe0Iqjgo7WgFsWmtmbRhlhNSczNnTnj4ta0xY0Dszhwzj/f+f9R1lq6u7u3jj65cF8XcuihLFvSvev5vzOsurq6VhhjXkhQmepiyF88zObLH/5r2vO89V4mk+ltbm4+Fvt4L51sBCwEQTCpUUSw1k6q4/F4KNLS0rLEGHNeUq24aIrPOv55yXEcRKRWK6VqgjWCaM+99LSUBQkbAE7dHEIELIQDAgKc3N00vkaNYGYrrtL8etpZExCBZXPjYwLhfd9fAsAYA4Db0NAwUldXN1h5eWOnU+yhku1n4a6jHG//QkxVGRj6hV/x+fS1QG64SMyt0tEzws3n3/lW0C8nEOzFVZqRJyHB73KFjesWs2NNkruvvnNiz9JJvlztzCPS1u5kMpneXC53LP/wCqW318BarLWU/YAfoxqAx2+GaoMVDUUf8j+rKCUTPdiHi2bkUceY8wrXQmCEs21rELFYwMWS8MD3fYql6ngKzus76ekpi5jQ8VjEoeIHnM704yjQRhAj44lYSEQmEezHQVO434FSCi0W32hcJwJYFCbMXyzWCloHVKt6AsGr2+lkSiBMh9FyQER5tG2bhpYq4IAFq4SYF+XM9QEKxdIEgu0HQoK7nbiuixGLSwThN+3vjtCUmIfCIV8e5NDaczjEKPtjHmitl6/+9KAvMSOOtZDNZvE8l/mzYVZylE0r11EfnQMO/KzMITVVk4iCpxTq758+sKhxw7xkdGOuFAxe/lzoWXXw1qUlC5pW1E+pJ+ZNR0uAEkFZg6gyvQN9DBcD/gCIAXUVRPlHKwAAAABJRU5ErkJggg==",105
65,18,Penicillin V Potassium,$121.60,"data:image/png;base64,iVBORw0KGgoAAAANSUhEUgAAABAAAAAQCAYAAAAf8/9hAAAABGdBTUEAAK/INwWK6QAAABl0RVh0U29mdHdhcmUAQWRvYmUgSW1hZ2VSZWFkeXHJZTwAAAJNSURBVDjLpZNLSNVhEMV/f7UCy+iaqWkpKVFqUIlRUS3SHkSPRYugVbuCaFPrEgIxsKCFix5QtIsWraIIS5MQa6G1CTN7iKa3SAyt7P7v983M1+Kqm4oCB4bDmcXhzBkmCiEwl8pijpXTf+v0iKqWmimqgqpHxCPiZtF7h4hrO9DUufc3AVUtLdy2jxCUoEYwwUwJKgT1mApBhRf3bu75owMRj5mQnkwSVDDxmPoMisPEsWDxcq7ltXDl/JOgoqioipeTXZf2X88RcRRVH/znrtrZQePRWtQCI2M/slvv9l4AMgLn7n+gP/kddYY4RZ0iaZ3la0sWIl5wEqgpT7BxVYLLt5/nA+R4n+bEsi5+Zg1NW/botPUZnru0nNb8du70THFs3gNqyorxzmfO6H0a8w51KWS61aVQF6MuxnyMiScWx4qCKlo7d9LzbnRWIMe5GBXH/LyiTOKSSf7qtzZCtseZ4Cb6Kc1fTVXxZr7HU1zs2ITqWQCiI7s2hBAMMyMEI0xj6fEEu2uOocFQU4zA58kREgsLefbhMb1DT4k1vSTrzqOX0aukH0xUbqFkXT39Y1GqvHYfsTg0GEPjbxkcH+D9WB8TqXGGvr5nw8odrCmpI5YwHoUQqK6u3g60ACngBnCq9gxbD60/gZgipmgwPk0Ok7+omJcfu3n0+uFXpzREf3umw1crLHYOZ45YHJUFNdGWij30DHfTPtD22QkNyebQF/3vN65rypqqK6vP7RxoH3VGQ7I5vAH4b4GKxmhKLTs3ZVrxpTkMzsx/ARtuob3+yA7oAAAAAElFTkSuQmCC",38
66,23,Lorazepam,$117.30,"data:image/png;base64,iVBORw0KGgoAAAANSUhEUgAAABAAAAAQCAYAAAAf8/9hAAAABGdBTUEAAK/INwWK6QAAABl0RVh0U29mdHdhcmUAQWRvYmUgSW1hZ2VSZWFkeXHJZTwAAAI+SURBVDjLtZPPaxNBFMcX+leoIB4VFFQEcXtIMXpILbQhYprUmGyym2SbX00aSSCGWrfLhmSTTQI9tDGBtlgIIqVFBNec7NGLaJGCvczBQKG5eGi8fZ1dbVHagiIOfHkzj3mf951hhgHA/IuY/wYoFgsuWZa+/DWgVCoO0GJJUeR9SZrFcUVETPGEi5w2AZVKma1UVFOqWmJp8edms4G1tReYmXl0BEBCU7k9MQbiDLwzAeVyCfV6DbWahmpVw8rKEtrtNpaXl5DNPPwNQIIJgTwIX+y6A+hNcCC3HRFquYDNzbfodDrQdR2tVguSJFFgDalk/BBA+Di/J0RA7vqyZMQV7zncIIN3thl6VqyuPoOiKJBlGfl8HqlUis7nEIuJJmB3zL1D3IJ110W7DjvNHGGHQa5awRgX1WgsQBAEeL1eOBwO2Gw2iGKIKngA6BG7x0ojyNDoD8DlmyAXBsHkclksLi4gm80gkYjDbh+DxWKhMA9CocDhEWr58Y10dRzByijuPxn61nSxIOeubTPpdBLT0wlaHDEtR6OiCeE4L3XFmYCwZn88+5zDy615vO/q0N5Mwqldgv/e2Q6TnIqykckwGw7zbDDoZwXBt2OAMpkUeN5nAjzKrf76xyrWP9WNNdSOAK0TwvXIqf6RR0K7DvABn0y1fwAYyV3Bq62n+HVsfJg3ACc/UQqaoOoa8xvRM/2S7oeim0Aor30nOzhOdOOcQz2Pss6bnY1orGle/eNfRzcXqL4atn/GgpH/DtOZnBuaeVfLAAAAAElFTkSuQmCC",86
67,53,OKOUBAKA AUBREVILLEI BARK,$66.91,"data:image/png;base64,iVBORw0KGgoAAAANSUhEUgAAABAAAAAQCAQAAAC1+jfqAAAABGdBTUEAAK/INwWK6QAAABl0RVh0U29mdHdhcmUAQWRvYmUgSW1hZ2VSZWFkeXHJZTwAAABjSURBVCjPY/zPgB8wMVCqgAVElP//x/AHDH+D4S8w/sWwl5GBgfE/MSYU/IfpheiEwTNEm5D6H9lmBLxFtAmR/3+h6YWY95xoE7z/o+uHwM9Em2D7/yeSzSAICdc/xJhAMLIA+V1VH3Z4v2kAAAAASUVORK5CYII=",34
68,69,guaifenesin and phenylephrine hydrochloride,$16.47,"data:image/png;base64,iVBORw0KGgoAAAANSUhEUgAAABAAAAAQCAYAAAAf8/9hAAAABGdBTUEAAK/INwWK6QAAABl0RVh0U29mdHdhcmUAQWRvYmUgSW1hZ2VSZWFkeXHJZTwAAAJTSURBVDjLpVPPbxJBFP5md4Gl/HAJULHogRqUJiVpw8GYmFjhoDcPHIzRBO+Gk8c2HvwTjCfryaQcjDZR08hFwsWD1DZGQhSLaUk4UDkYUQSWZdd504Ct4dZJvrzZzXzv+957M8yyLBxnSTjmUkabarX6djgcJjlgGAYGg8EYuq6P0e/3KRYymUyKeIxK4OTLdru9GAwGxaH/1+EybTYbisUi6vV6KpvNFoQDrnhf0zQ0m004HI4x6TCR9o1GA16vF5FIhESX+e8CK5fLQt3v96Pdbh+xS6UQkTEGWZaFusfjgcvlQj6fR61WSymkTtapVjqkqqrASF3ETgX4+Q6m9yZM00Sv10M8HkelUllWSKnT6aDVaokGEYEOUTMpMkvHGbaB6dkUdqrraBqLUBQFbrdbuKQESVKiDyLxkoRlSTqY8FmtjkDiErynFjH16RnsmEF3GEA4HCZOUiJVqpVACUagb5W1EXbuwRPQMGy/wumFO/DpWxga+njEIsGIRJZjsRii0ShmZyOYD7UwM38D6G2j9HQNbq0LtfsNU/quOEsJFEpAE6AEo9EJ/PoCTZ+Cx/eHq+/ybvK+/N5EZOkeBoVVnJxOC5csl8u94bVcO3TLMNC7uODbxELqNlTbe5h64+AyMBtkVwL7OxLWX25gs+nPs0mPafvx0t3A3PVHoXNOrlrijnRsvfiMRHoOTD4BOK/iw5OV75ZpXpmYoPTwYiN+ay0sS3uwjB90G468P9l5HvuVj/j6+sFzZdILM/q6ur2a7lom7wVv1j9Y4wiKlhX6C0eqiNj1HMM7AAAAAElFTkSuQmCC",43
69,56,Ethanol,$118.07,"data:image/png;base64,iVBORw0KGgoAAAANSUhEUgAAABAAAAAQCAYAAAAf8/9hAAAABGdBTUEAAK/INwWK6QAAABl0RVh0U29mdHdhcmUAQWRvYmUgSW1hZ2VSZWFkeXHJZTwAAAJZSURBVDjLpVJda5JhGPYH9Ac66bSdFHTydtDhIAiCiA6CEbGiL1bUTgaO9pHk1+y11ymyNT/wYypMxzanqa8Km9PJxg5EJcWBJq7OzUHIRlfP/VQyKWLRCzcP78113dd1X8+jAKD4n/pngtfrhdPpxMLCAqxW6x1FLpcD1dbWFjY2NpBOpyHLMmKxGNbX17GysoJgMIhAIACPx8OxR0dHODg4gMlkKiuy2SyOj4/R7Xb/Wp1OBw6H41O73Ua1WoUkSQ2DwTCiyGQyvNFqtZDP59FsNkG9RqOBZDKJ/f19RCIRjgmFQiiXy9zRzMzMYC+DVCqF7e1tRKNRYXNzE8vLywKRFxcXBVrDZrMJRDabzYLP5+P7q9Xqgd6AeDyOYrHIM6jX6zwDUiZypVLpKbOBKBQKpI6pqakzfbewurqKw8NDJBIJsKSFcDhMSgLZZWEJRNbpdILdbicyfrtGBpzY3d1FrVYDkUl5aWkJpVKJBnJltgr29vagVCq//fEduN1uShrz8/OwWCyUNFjS0Gg0UBqe44VlCI/e3sDQ60FcU16cOPVDeiLdfKUK3kOkbEXhswwpOYLb0gVcfnpW5ACXy3We2Xs3NzdHScNoNEKv11PSmJ6exl3dVayVTFj7YKbdIaYeQko9pgFf+QAWFrczOzs7KoriR0YePeng+stLeF+24+QXLlppwA8Ae9MTLGl+XTs7O/D7/Tzp8fFxjI2N4cqzc3gj34dOHuZkXWK438Gv0mq1UKlUmJyc7HPAgOpb4gCM8gOuTCf99zI4TTGwntUXsv3z1FP/O6UL4ZoSeea0AAAAAElFTkSuQmCC",119
70,52,Amoxicillin and Clavulanate Potassium,$65.43,"data:image/png;base64,iVBORw0KGgoAAAANSUhEUgAAABAAAAAQCAYAAAAf8/9hAAAABGdBTUEAAK/INwWK6QAAABl0RVh0U29mdHdhcmUAQWRvYmUgSW1hZ2VSZWFkeXHJZTwAAAEoSURBVDjLrZMxSgRBEEXfiBiIkRjpRTyAuZGH8ALewmtsbOAVNjM1F0FEwURwZ9vq+t+gZ3aR3RFEC5qGLv6v11XdnW3+ErsAs9nMpRT6vme5XLJYLDZW3/erfCmF+XzeAXT/QgBwc7ewASUYsOHidL+7vn1eVzCkzNX5cbdhkIKjgx0EWPDyrpXu5HAP2Ujw+LrcTmBDuu0y1LV+JVaaSG83qAnS2iBzPDdZQTKZIsqEgQYC6TtBraKmUJoqUaL+TNAMjLI5RIhaW/VMTxNUtUbKbgTDFT7DK4pMU8bExhRSpLp1DzwaJFFFDhQRUwSGp7ckh4mM7ytKUqNVrzIREwSXZwfdtpdWwsRQXWpT2WowFRHZxNl6I+l3BvXT3D98bAjH+PNn+gIL+yQjrYYUIQAAAABJRU5ErkJggg==",95
71,1,"camphor, menthol, methyl salicylate cream",$9.53,"data:image/png;base64,iVBORw0KGgoAAAANSUhEUgAAABAAAAAQCAYAAAAf8/9hAAAABGdBTUEAAK/INwWK6QAAABl0RVh0U29mdHdhcmUAQWRvYmUgSW1hZ2VSZWFkeXHJZTwAAALDSURBVBgZBcFNiFVVAADg75x777z50RmdDJG0phpTIwq1cqP9IBqlLaxNpYVSVIvahLVLCqFFoGEZQkQhgdGilUghaqRNIKgUZEmQlCBlmmOm772Zd+85fV/IOVuz7ejmgeHWxhgsRz8CCMiBnNQp/Xbln3w4XJ18/die9dMAIefssXcmjn326vIlMYZZmUIGIGfILl7r2Xfiir/OTbV//unM6Hd71k9BCbEIi/rKYtbpvxUxBAI50eSkrrNOr/HQwplW3FE6ni4O5rR48sFXDsz+dve6qQghhBk556KviKpIGSgiRSAEooBk3nCf9ffNMzbeGiiHhz6F8NSO1WdTHh2bNZhCk4Nl44+7fP2Sb37cK6NVzdCk2rplz9j0wEtaVandnbbpvZP1wbdXVSVOvfzI5ls7rT/9fvmMUyf3q1PbsoX3mG5q7XZHMmp8wdOOn6ulNG3VbS2hjDVEbPzw64PNDXnc8NCwRXfNU8ZBl65e1m53lcVcW9a8b3hoRH9fob+vkkVCBPHz1w5NtZsne19M7LVkYLWZ/QPGF92i2+mq69ILa3caqFqqMuorCq0ySsgZiNBuHy6+//WIXQe2u3/OBk3ZceeSu031Jp3+45CyoCqCMgZlETWJJgHx3jduevFa5+NqxeKVchXs3P+WRxc8a9Il88du99WJDzy/a0zIQRmDIgb9VdDUGURsI5s4fcQvZ3/QmW58cuQjT4w9Z2TmbKM3L7D01pUyUiajKqJ6ugbliXfPz3/4zYnOvq3L+y9eq8C/1y/4cmK7691JIUQjgzeqIlUMIOWsN5VACXXdaBoARobm2rJ2NwAAgJyyXrcGEeqplOqUMgAAAABAWcZUN6mGEnrd5sJQXzFH6A3lnKNMAowMlCBnBqooBKkqwn9Nnc5DCSHkHWu3Ht0QQlia5UEAmYwsAxl0U0qnymgf/A8eWStYAg6kAQAAAABJRU5ErkJggg==",82
72,48,ONDANSETRON HYDROCHLORIDE,$23.43,"data:image/png;base64,iVBORw0KGgoAAAANSUhEUgAAABAAAAAQCAYAAAAf8/9hAAAABGdBTUEAAK/INwWK6QAAABl0RVh0U29mdHdhcmUAQWRvYmUgSW1hZ2VSZWFkeXHJZTwAAALpSURBVDjLdZNrSFNhGMf/Z9uZnjldy+lKKF2ThsqULgZdLAIrKTHKMLvYhS4fgiKLoi/Rx6LID0aIaRAUpQSFEcIMiS6mhoFmN0duVpo6azd1m+852+lZSeSlF36fHv7/532e//ty5eXl7yKRSCrhqqysNGOWU1xc/EEURbMkSY7GxsaMf2sqEqaHw+HbxOHS0lJ5NgMSR6kgCqbXVCSMIbaTu5h0qEKKVcSASTJYBDiSdB0LtEDZyVYVidcRmdMNFCR8S1QR9tf8DWFc8AkKjUGQBYPgRLagE4YExthn4hbRNeMGJEwg1hGSju/Ei/EOLFdehSJsgc29DV1eKxg7IFH3nYRuNgORcFLRaowBchO18LJjGAtkw+3bCPtoUnT+COFcnRU299zdJSu1Voz/eAYuNLA/OhubNMjaZDRDzWkgwYRx3QiQcgcRTsRNxrAnPxC3d/O2+YIhDzrTEnidFnxqqr0cNUggthqNxhzbmYFZMlBgZUYwY/++kmydfgXcvR+pCUN8wjxoExfqogZ+osHpdEqWCw3LBEpBDAOMAj1kqEaK3AellK7WmwswMVgHtYbDl85PEEPsZyg4tkpBm1UTJkLZNnER/rADkXA0e2BkxA1e4qBPL0Toew043gNeG4/YQO+w6B/Mzz3+wB414CcNuD8pnIBX7MG84UewxvqgSy9CaKAKCl4E86fB9bRtlI0GCpeeetL5e0C6vo+oJ/hoCkX0csxiGXbMeY7krC1gQ7VQqmVM+FPR39wakYKB7MWn2zv+xkidc0i8m0hbb0iVld3fkavawElcMga7r0GfrEbIvQBfm1tCJRVdsfZ+b9+UFZOBSNTwPK9pOjfMaT56uMw1RxHz7SXsDS3otLnx4p4NVx72nu1zBbwzMiKxg6j2eDxv6urquJ7PQxJ7/ximnDzExVkw0NE9dr7e+eV+u6uS/szP6QacLE/9gCVr5waXLjKqVmSYIPMTr4KukYOFl9468J/zC7f3tq13JhENAAAAAElFTkSuQmCC",51
73,44,Loxapine Succinate,$124.58,"data:image/png;base64,iVBORw0KGgoAAAANSUhEUgAAABAAAAAQCAYAAAAf8/9hAAAABGdBTUEAAK/INwWK6QAAABl0RVh0U29mdHdhcmUAQWRvYmUgSW1hZ2VSZWFkeXHJZTwAAAKrSURBVDjLpZNrSJMBFIY/u40wW5sNkS7LiaCJgakF3tDUMZ2aYZE4M6c0p2KiGLl0ec+cqLPErTTnbW1zltHwkgqSaYo6zRKjX0IZlJEg6Uwne/vcjyhKDfrxwOHA+3AOh0MAIP6HPxrJHgfF5Rz6kpR7ABIOFeIztGWeG6PonwSJbvTrNeE0U20UHfdI7kbSUBJCRbrvfhP3hHX+tgIZlwoFGZSQoRLuBjQUhzJwzZ+OGDfq4raCEt996JblYK5LgpG6dFz1YyAj0BYpQSwIvGhrTVlhlC0FtbHMryuf3mFxSIaPvRWY0uRitqMUC7N6qIT2i68bkvdsKbjDOz64MPoQ8+NaGF6pSNTmekGvwv14l/EtV7DhKnc7eCc3qVLd8X28DivT7WYMk0o8znSH8IHn6hWFK/4qYISoKNaclqTDnD5Mv1+CJjsc6uwwMxv1i5lvuCT3Rr4uGhfljr9JCOtgjYUVWxPHDB3EzJwBLXNAxjSQpvRBarMnEhtPgV9/EjntF9A6VoVM7VkEVdoYfcpoFmaBc2R9ROB5CbQj65BPAanDJgj7TUhpPo0nEzV4pK82B9VjUkj7MtE4LIFQyYZHCcXoUmhhQUzkOK7P67JQXa9DXBeQ0Anwn5qQQO67Ea7oSUNpdwqKOwXI0/FR0JEI+UAhYhq84ZBLrBJTYifTQk8BogQKFPUug9cGRKtN4NU6QTMqhXKkHI0vJagfuk1KkiEbKIBAyYGdmHh7SETsJd40pYr0Igcjn3/L6BHXD/4zE+JJzsnsEVx1BAGVNvAqoyFW4Yma53mIb2bDNd/ys62IoPy8wqw6yermjSLrYxE6OdOv4QMrqHWZxW5bYwVq1+z8VQamj2LeOc9y7XJjAFg5OybJ8J5Nv3EzyJG/HM3eCYaI2PVr/we4bY/dzdCujgAAAABJRU5ErkJggg==",69
74,68,Acetaminophen,$136.81,"data:image/png;base64,iVBORw0KGgoAAAANSUhEUgAAABAAAAAQCAYAAAAf8/9hAAAABGdBTUEAAK/INwWK6QAAABl0RVh0U29mdHdhcmUAQWRvYmUgSW1hZ2VSZWFkeXHJZTwAAAL2SURBVDjLVdNNaBx1GMfx78zO7Lu765qQWIPteqiH+IKCjTmkClIVPHi0pVDSXBT0sGhLUOvJl0OL4AuVBC+CLXpoD1KqweBBWFFajOChSTU20q2h6e66nX2Znfm/ejCJ8Qff6+fy8DjWWgCmz9f3AR/cV0pPhtIQSoM0hoEyAdAFmoAG2kAL+Bz41mNzRqmJh0fzk689MczO9YUphsIU25EeExK6sebPZo9v/ugfAKo7gZFC0gGgflvjOw6eAwkPUr7LvSmXhOviJ+CRsQy7irnyp5fW33e3AC1loWQilIGucAgkdDoRQQRBBK0B3OppAF4/e53JSo4HhvzhbSAfBiP7v5pHHZ2mH2kqJ2cZ+uxjwqBPNzb0IstAgAEc3eGna22WrgfrLoA4Ol2eXfrimZw3QDoeYWyRePh0GZ0/RdTu0o8NfWnAwkYn5sPF1Y4WYtoVR44cNGH01+iwXzT1FvVj76CApUNVxI2ApNNn77EZUrXviZSDsaB9jRKicv7lxxZdM4jm433jabO0Asdn6eTLOC7oQpnfX3gFfrmKnBjnnrmTuFJiLag4RotYA7gmHLyY+LoWmcounBNvYm81cLEkgyaVuXdRe+7GuVijPlPFSfpIren1Q6WE6AC42YsXvjy9e//EtdXbyHyKyqszYOH+946TKHiEbcOVuXMEUwfI+NDqxahYbCy89awFcAEWhvaKj6YO48WQaDTAcXGbDcIA1k6cQuaKYCHruTTaA7SI17eu501Vzw4Bbz84OU6veobvlgW5rubHTy6Q9i2+B8nEvxWysFoPUUJsbANaiKeA535eXqM98OjFFqktsXQQyqC0wVhLuVjkpadHudkK0UI0/gOkfPT5Jx/KvHH48f/9gLYgtUUowMLphXWyPnR7IVrK1k5g7WYz4MziMqV8hlIhTSmXophLcUc2SSrpkvJcDk2NkPKg8XcXLeWNbcAoda52eWWsdnllN3DXZnduVkwnfT+d9inkMpQKWX69Wv8N+GEL+AdfSH+n2ppttwAAAABJRU5ErkJggg==",43
75,1,solifenacin succinate,$115.66,"data:image/png;base64,iVBORw0KGgoAAAANSUhEUgAAABAAAAAQCAYAAAAf8/9hAAAABGdBTUEAAK/INwWK6QAAABl0RVh0U29mdHdhcmUAQWRvYmUgSW1hZ2VSZWFkeXHJZTwAAAH5SURBVDjLjZE/SNRxFMA/7/f9eadWnmGBIl3fk1oKGsMh6KA/Bw5CUzS0NbVlkFs0RATh0HLi0CDUEmgQtCiBJA05hf1Z6pQT7Wqw4C697s7vew2BKYreWx7fx+PzPu99xcxoJvL5vFUqFYaHh2VrPaLJUFXm5uZ21OOtj7GxsREzy4pID3AEaBERVBXvPXEc7w2o1+tDuVyOZDK52RxCIISAquKc2xugqqRSKc5OHKYtVqoqgHEo0WC8/8f+BnEcE0JAnHHnvBBHhgAj8zHluu4PiKKIRqOBREbCAWZEgDgDozkDVUUc3J0FExABBMzC/gDnHKrK8zMfUdXN44UQSLlU84CJylOSySSZL6fo6+uj6/ET1i+lGVie4PWFUQ3OloH85amNh7sCBluv/puc+Weweu4onQszZG/cJpk5LdX5qWOfZ6fvT19sWYt2u0GhUEBVWVxcxMxYe/OMk9krtBZmkPFrtC+8wB/vciZ2a4eBmeG938whBBLlVVq7MzAw9H/YvR6cit/xjapKqVQinU6ztLREb28v5Y5O1t+/4sDLm9Sq31kHKmVHcHzbtoKI/K5Wq3jviaII7z2JRIJU9jqf3r2l9KeNsmvh10/h64oEg/w2g2Kx+GhycnKwVqshIlvB9FtH94nih4PtDesILloxbDQ3tfHgL9Xv6UA7GgE/AAAAAElFTkSuQmCC",27
76,97,Leuprolide Acetate,$41.85,"data:image/png;base64,iVBORw0KGgoAAAANSUhEUgAAABAAAAAQCAYAAAAf8/9hAAAABGdBTUEAAK/INwWK6QAAABl0RVh0U29mdHdhcmUAQWRvYmUgSW1hZ2VSZWFkeXHJZTwAAALbSURBVDjLfZHrM5RhGMb9A33uq7ERq7XsOry7y2qlPqRFDsVk0c4wZZgRckjJeWMQRhkju5HN6V1nERa7atJMw0zMNLUow1SOUby7mNmrdzWJWn245nnumee+7vt3PRYALI6SZy8fnt08kenu0eoW4E666v9+c6gQDQgYB2thJwGPNrfOmBJfK0GTSxT/qfP3/xqcNk3s4SX9rt1VbgZBs+tq9N1zSv98vp5fwzWG3BAUHGkg7CLWPToIw97KJLHBb3QBT+kMXq0zMrQJ0M63IbUoAuIozk2zBjSnyL3FFcImYt2HPAvVlBx97+pRMpoH1n1bRPT6oXmsEk7Fp+BYYA+HPCY9tYPYoDn32WlOo6eSh8bxUuQ+lyK9MwTJnZEQVhJgFdhBWn8Z3v42uv0NaM4dmhP8Bpc6oZJYuqTyh/JNMTJ7wpGo8oPkiRfyO4IxOXId1cOFcMixgyDUuu0QAq/e+RVRywUh54KcqEBGdxgSSF9IakUIb/DD24FIrOpaoO6PBSuDCWaazaZdsnXcoQyIR1xDaFMAigbjEN8sRpjCC0F1F9A3EIdlOofdzWlMtgfDN5sN28QTxpPxDNjEWv0J0O0BZ+uaSoqyoRRIHnsjUOGDqu4ETLRehGG5G4bPJVib6YHioRDiVPvjph5GtOXtfQN+uYuMU8RCdk8KguRiFHelobVBjJX3JAzz2dDe42JnlcSE/IxxvFoUaPYbuTK2hpFkiZqRClSRUnxUp2N7qQ7U9FVoZU7Qz6VgffYZBkuJxddlxLF/DExySGdqOLfsMag4j290cPpPSdj6EPJLOgmNUoo5TTnac9mlZg1MypJxx+a0Jdj+Wrk3fUt3hUbg7J3UbAyoLx3Q5rAWNVn2TLMG9HoL1MoMttfUMCzRGSy1HJAKuz+msDBWj6F0mxazBi8LOSsvZI7UaB6boidRA5lM9GfYYfiOLUU3Ueo0a0qdwqAGk61GfwIga508Gu46TQAAAABJRU5ErkJggg==",80
77,90,Prochlorperazine Maleate,$135.80,"data:image/png;base64,iVBORw0KGgoAAAANSUhEUgAAABAAAAAQCAYAAAAf8/9hAAAABGdBTUEAAK/INwWK6QAAABl0RVh0U29mdHdhcmUAQWRvYmUgSW1hZ2VSZWFkeXHJZTwAAAJrSURBVDjLpVPNS1RxFD1vPpwPefoGG+1FZllWEkZSLYIWpiiJSEgt1VUQ/RXSMmgx4LLQRS1CgmpT2DLogz5khoTRwKaiMckZmtHnPN97v4/u+80M5SJc+OBwNr9z7rn33atJKbGXL7Tbg4WFhVnG2LjneSFiECu4ruvzQ+1/CTKZTDMJ7hmGcS0SicMhEYSAek2aRMLA/PzzvwmKmf4BycU0ISh4uLGFN7YFtEAIqxyOG0YhehMeDAgpyEiCk5njOFWDYro/KIW4Gk2c7w6Gk5AeU+CuDfv3EsrBS0h/WiGRpBBCYXBoWLWhDKhqO2E8HOsAK39AINoLzovYLn1GpfEyNitn0H0KqrqsVfdbVwkKH/saSHw9YpzWgSCEvUajdVD6/gIiOQHRPAhh/UIm/Z4qc1Wdcw5z5Eo1geC8VzJxI6J3QTKbPEzQeKkSmVXykJszaCqVcKE9Bit2EV4ooVLI2gwCJJ6OtpzbZxeXUCksQ4scU3/XMAcQd3KI21nECs/gch1Mi2Fdz2GmlAKNspaA8bmt/JuXxB4hLNnrSaNjLMm2S3ArBVjyMFbN22ChVjWDmeW72NpkKoVvsGMPvj7taZKM/4w2nYxXymuQ5ji2jT78yK+ryELKGgOH2k08uD+7cxOFxx83xA/Ev61xnBiew8YWh71hQXB/6nUDWWVZbSFQF3951D0sPNZpF3Nji87ou1dv07AsC7quIxqL0AZqyojXUvjJ/ZUO/VM9Txg9Prmy2AU8SaVSI9ls9pZpmmePdB5Fa/KgEtRb3t+WhH8b2m7XODU1NUTCO4Se+jH57IP2YUnb6zn/Ad9Qrbi4Y2W9AAAAAElFTkSuQmCC",41
78,40,"Salicylic Acid, Sulfur, and Coal Tar",$67.70,"data:image/png;base64,iVBORw0KGgoAAAANSUhEUgAAABAAAAAQCAYAAAAf8/9hAAAABGdBTUEAAK/INwWK6QAAABl0RVh0U29mdHdhcmUAQWRvYmUgSW1hZ2VSZWFkeXHJZTwAAAIpSURBVDjLpZNdaFJhGMcX9EExPVNn3Xcd3Ui3urnJbK4guiioiyjKPFm2QRSINZl2RDuprTZNaTLQ06ajizVhDILW+tpmYxXW6mKNXTSKGS2Xm+foP18vBjLRoosfLzzv//nxPC+8NQBq/oeyRfpAvYXVStMeXR2cWgoWtWT1hEJu+yuBXiG92nNYkg8cl8JfoPuoBEwrhXalOK/bL7NWFXRrqSSrEYNR1YJRi8DoJLC3yXGlUYqTCupnVQGjrIVLU4/RrmN4F7Ph85gfj90GXNDshaOByvdfO7SjqiCzMIVfk31YnuKwnBjE0qswUvMJuNQU3obo7RUFDpUol5qMIDUTQ3p2sEAU36ajSCU4uJrqhIor7NGFt9mVYv514CLWpoPIvH9U5PdMGM/vnoKjSb4m1wR2lhXIW7nibp2q3eCffMK4z1gCP/YB5uZ9IBmZ2rerRCA7OLCFnG/OMPCdbUAu/hHCracQrCMQLEMQbnDI9Y4g2HEEJEOyVGPv1pIJyEV2dBzpoQkIwWfgncPgLRyynWEIbBRZsw+CNwrhXmhDsiEgIxb3vd2HOdqNjDOGdWsY39vv4IvJidXrfqx3sJg7bUOmJ1LMkp5NghVXAMl2LxZNbnw1schc9mDF6MAizWBJb0fyEosfN/2bBS/uGxOkED9nz0/oHeDNkbKQ0eP6LoFkCz2zJW8w/9AgCrXQHq7NNEyC5ehvPv/yQQvtXRgwiCr+xn/hD7c3w4UciyonAAAAAElFTkSuQmCC",94
79,27,SIROLIMUS,$81.91,"data:image/png;base64,iVBORw0KGgoAAAANSUhEUgAAABAAAAAQCAYAAAAf8/9hAAAABGdBTUEAAK/INwWK6QAAABl0RVh0U29mdHdhcmUAQWRvYmUgSW1hZ2VSZWFkeXHJZTwAAALZSURBVDjLpVM9TFNRFP7eT/9SUktLW6hQEqkUCMVABycUm+DmwGoEw+DQDSZWGdSQGJJqGBic2GXQgWjUmuBoTLSmKTWVHymlBQqlpfT3ec4lEJx9ybn3vZfznfud73xX0jQN//OovCwuLj45PT0NVqtVU71el8rlsq5UKul5bzQaksFgqNhstrczMzNTnD8+Ph6g7ffS0tKBtLCwcEVRlMPBwUEwGwKIiH17j4l711FJvsKLjz2wuHqxtpZ4mMvlXhLYQsHUbypdXV3R/v5+m8vlwtbWFtLpNPb29uD29CDyNYv48RBuBIYhSRJ2dnbGZFk2GI1GqKoq5fP5Wyqd6rVYLIhGo3A6nfD7/aBWQK3A4XAgFothdXUVdrsdwWAQu7u7ODw8FDnxeNyncmImk0FLSwuqZg+efyihWJPQIH4GSYfb7ddgOz4m+mtglgxMJBJoa2sTrcq8FItFdHR04M2PCsqaDKOOQi+jLuvw+Y9ZAPf39wW4UqmABL5gqXIBUltEoa4noAJVJoVIIomWiqYHTUgEgzmP33kXDLjKeVV+NK1xBqYiMoUiSzg5ORE5lxmcF7hgQIpCr5koQYKS+wm3vI2rLjt+pdLI6DRBd3NzEx6PB4FAQEyLscrAwMDjpqYmoWy7zYjk9y8Yaq1g4sF9uN1uOO1WVhsmkwmTk5OgsYvpMJtkMgmVTz86OhLjqVOip7kZw8EJzM7OCl+w2jxaZjA/P49UKgWr1YpQKHRWgE6eWl9ff0Z0DHq9Xh4dHRVa8PzZmdPT02imooVCAdlsFuFwGBsbGzxlmf431JWVlTB9cIDaCZHbntKrlbz/jmx7Z25uTmc2m0VRHjfZvtrd3f2JPu9Sbl66fBv7+vp6vV7v65GRkVbyRYPsauPW2ER0odDZ2Sk8UavVDqg9ORKJpP8p4PP5FOrZTycuk4AOAilMle7GI9q3ya3LtOtItzppkSVGY38B11WimHp9JJ8AAAAASUVORK5CYII=",110
80,59,Olanzapine,$3.72,"data:image/png;base64,iVBORw0KGgoAAAANSUhEUgAAABAAAAAQCAYAAAAf8/9hAAAABGdBTUEAAK/INwWK6QAAABl0RVh0U29mdHdhcmUAQWRvYmUgSW1hZ2VSZWFkeXHJZTwAAAHYSURBVDjLjZPLSxtRFMa1f0UXCl0VN66igg80kQZtsLiUWhe14MKFIFHbIEF8BNFFKYVkkT9GKFJooXTToq2gLkQT82oyjzuvO8nXe65mmIkRHfg2c+/3O+d8l9MBoIMkvi6hkNDAA3om9MTz+QAhy7JqnPO667poJ3GOdDr92Q/xAwbIrOs6GGOeFEVBtVpFoVCQkHw+j0wm40Ga5k4C0AXTNGHbNsxv32Hu7YNtp1Cr1VAsFiXAMAxQkWw2ewNpBZDZPjiA+XYebioJ9nIKqqqiVCrdGUlm0gpwzs5hzrwGX1uGMTMLtvrBG6VcLstOcrncPQDOYW3tgCffw0isg4uqnP6J8AhCnVAelUqlPYD/PYE59wZ67BXsL4fg/6ryYhNC82uaJkFtAdbHT+CJFbgbCagjYbDNlDev4zgyH4KQ7gA2n/fMUWWeiAtzBMrgWABAXciAhaibAKAYnXyaGx3/5cSXoIajsH/8hHP8B87llTSSqAMSmQMAfSL2VYtET5WRCLcW3oHt7Aaq+s1+eQAt/EJXh8MNe2kRSmwa/LoQeOsmpFUeQB0ag9I/jIve0G/n6Lhx3x60Ud3L4DbIPhEQo4PHmMVdTW6vD9BNkEesc1O0+t3/AXamvvzW7S+UAAAAAElFTkSuQmCC",45
81,90,Nitrogen Oxygen Mix,$112.35,"data:image/png;base64,iVBORw0KGgoAAAANSUhEUgAAABAAAAAQCAYAAAAf8/9hAAAABGdBTUEAAK/INwWK6QAAABl0RVh0U29mdHdhcmUAQWRvYmUgSW1hZ2VSZWFkeXHJZTwAAAJwSURBVDjLfVJdaJJRGH4+dXyagylpDj8rhwuRfoXqqogCL2w3u+4i2EUEw5vY7UAUuvGq6xgUgUUULDJKcFHeSA2a1cXCbWjIgmVT0f36/fae0yS3sAMv7/nO+zzP957nPYJhGOiu2NsJ43ooioVGAZqhQ9O1vdCh6iouuC7hwYtHyN55L3Q5FvQsVVGhG3/AjKjq+l7+G7Ks9lJg2idARdaQohFQU+HWJITly7RXoGp7tY7SX0AhARGHIJqsJKJiRA4hYAnBrgxBNNtgMwYJ83+B5OL3bzgqjsIBF4bkw3A6nTiunMCINYiFL585pq/A4xuz8fziu2RttYGQEcawZxgOhwNHtiT8XK7jzcfXyU+pr/FejsCmUCwWbaqqBinMiqLg+fKT21e9kVtng+c4aG1tDc8+PM2cGjqTYHVZlkH519TUVJULzM/Prw4MDEgamUciPFjrJpMJnU4HFosFtVoN6+vrjMjr7XYbjUbjJh8jHU7u7OykJUkaZC23Wi1sb2/zYD9gwh6PB4FAAKIosh+iUqm8JN6s0H1IuVxulA5eeb3eoNVqxcbGBieyOgt2ptO7yGazGuHiiUTi7j4TI5HICt3t/NLS0ixr02w2cwILJkBXZOQGYaJd8j9TGB8f3yRArl6vcwHmAcuCIHAR8mMzmUzm+o6RLQKNuVwu3rLdbsfu7i43lO0pHyPnT/cVmJmZsVEH13w+H6rVKjKZzEo+n39YKBTQbDbh9/uZ4WN9BYh8xe122+iuzOn79B2Ox+MTpVIpmk6nfzA/DgpYDrQvlcvlChEnp6ens93zVCqVjcViJ+fm5u7RG7jYy/kNO+KHFL4q4agAAAAASUVORK5CYII=",43
82,14,"Acetaminophen, Aspirin and caffeine",$137.09,"data:image/png;base64,iVBORw0KGgoAAAANSUhEUgAAABAAAAAQCAYAAAAf8/9hAAAABGdBTUEAAK/INwWK6QAAABl0RVh0U29mdHdhcmUAQWRvYmUgSW1hZ2VSZWFkeXHJZTwAAAKASURBVDjLpVNLTxNRGOUH+Av6O2Dp0oVdGEE37EzcmHShiRoCMWqDJiQSI6QjREtAHilQU0lQ3hawjEUM2pZSOn1QHi0M0GmdDp2+oMf5LnSsj503OZubc853vu9+twZATTUudcGgoU6DUUPjOYznd4Y/+dXCCxpqW97JJsfnXW7ZE+bX1jcknz8gLa0G+dHFGNdkT5mIQ9zfDM7FF4dde2bfRlQQkzIUtYjSaZkhky0gcZCCe9Uv9M5EzcStmFQMaknsD24quXwJdNTCCVJKEZKG4/wJu1PUApZWvIp1MkQmtcyA+qLYVLkiPpILOPhRgJg+w146j0Qqr5vMzLuFO0MitWMggzoHv8NRbDo9c3Fcf+rSce3JIkND6wJaBkOME4ztw2Jf5khLBkb39xBPPVNUEjnXJL1qXMphN5nDrCeJBrMTcraEw7SKvpH3PGnJoNG7ti7RsJKZIjOoFsYOVNzu2cD6roL6xx/ZXaF0iiHbiERaZuDx+ZkB9U5x57xJRozsZ5m4/tEs3rpFZrB9lNNSFNHXP6gbGD99DfBpJY+MWkLX9A4u3xtlxIGFBBNffTiNKw8mcP9NkL1MOJ6GxWrTW6izOSPcdiKJchlMuHWosuhRUcWzsRgz8MQyCCWyKJ6UMf8lAHP3hD5Ew93hI5PTtSJIco5NmYQEaiG8l0WbYxPfojIrENGqd74aEG52h8+esbJIljGfeXzWpYipY0ZMH5f0NLRMVDkcT6HDOqw0WyZ/LVL1KrfbVswD9nFh2RvBtiizmVDPgS0JUy4f2i29QlPnh79Xufoz3erZMrW+nuKed/Xzlpfd0otOTmrrsPLNHQ7uBhf892f6n+/8E/bIBuJgfmmXAAAAAElFTkSuQmCC",18
83,6,Levothyroxine Sodium,$1.76,"data:image/png;base64,iVBORw0KGgoAAAANSUhEUgAAABAAAAAQCAYAAAAf8/9hAAAABGdBTUEAAK/INwWK6QAAABl0RVh0U29mdHdhcmUAQWRvYmUgSW1hZ2VSZWFkeXHJZTwAAAD4SURBVDjLxZMxTsRAFEOdaAU1ogs0XCDKkTgKdBwFcZooJRINK+UGNJtvm2I20WQzEcUWWBppUvj971hT2cY1qnGlDgAwjqMlYT4kQXJz77quKgIkoWma3Sm20ff9/gYkMYNK5rquERF/Ay6NuUji9eNo0hCBCOLt+anaAC6N87ckPNzdQDJI42uM7Qa5ubRBhBJAxjRxDZiz7im1kcyiEeE1YBiGYoV5tRECleKcckDbtku/L+/ffry/XbLOKyu/C2AeIVcEVllFL1MlQEqgIMqA00SQh+JU8QyxEaKLgCmEz+MPQgApkDj/g9Q/bViCgQoAqn9/jb8mSSzHKz3sXAAAAABJRU5ErkJggg==",43
84,65,Hydrogen Peroxide,$11.06,"data:image/png;base64,iVBORw0KGgoAAAANSUhEUgAAABAAAAAQCAYAAAAf8/9hAAAABGdBTUEAAK/INwWK6QAAABl0RVh0U29mdHdhcmUAQWRvYmUgSW1hZ2VSZWFkeXHJZTwAAAHySURBVDjLtZPvT1JxFMb5O/gHskVzrrV+mFZomDdEDGkYKSXlRleY6IzcFdQ7lBgYeaELBNjFEpbWi9psRU7JnCa3VYTV/WfY01davkFk0/XivDp7Ps/Zc86RAZAdpmT/BWDLmun+5ZuS5X0P+paMML82SKZXeroqYGDttty22it6Po8iWeCxIAlI/5pF9Osj3M8MwPCsXex8ekVeEWAlYn+OxaKUxNx2FKmfcTzfjiH2ncNsnsfIOzu00RZxT4B1pZee3GTw4vdfVyEfxkTWAdfyMMJfHiL2LYgImcSyeAstgQt0GeBuxiQl8iEIP/iSW/eCrtiV0rLXkm3s1ThVnN6cQkj0w511osl7TioD9L29QcaNY64QhWvlHrrmtey/niasclCcEqrp81B669HoPo0yAEmaBBcpuTOZQegF9S6gdUaJqms0vdRL3JYXQdEHLueD9snlovpxc2qnd8nfiIues9gXYEx30INLFvAksB1IIPcAd9LdaPY1oEcw4HqiE2ecJ7DvHegSlGh/Y0FgywP3uhPeDRae9TG4P7nArjHQ8W2oG1KgIkATUcmpYJNonjeC+TCMyZJwFOMfR+BadaCdo3DcdhRVT5kkTZOkC/VjJ3GKqUNHSA3NTCsR1+BAz1RrPwaFtQYH/kZF/5GKa/wDDtK86rC6fMkAAAAASUVORK5CYII=",107
85,30,Bismuth subsalicylate,$45.16,"data:image/png;base64,iVBORw0KGgoAAAANSUhEUgAAABAAAAAQCAYAAAAf8/9hAAAABGdBTUEAAK/INwWK6QAAABl0RVh0U29mdHdhcmUAQWRvYmUgSW1hZ2VSZWFkeXHJZTwAAAKrSURBVBgZBcFLiJZlGADQ87zfP/Or4wyjeWkgMSvH0lqYSUg3CSIoISoKokVtgsjaBG0jXES1CwJpFRgF0Y2ScKNBmoVWJpQhUlaWVuo4Nphz+7736ZzITPe8uP/JhSP9x0vYhAUIEMggq7bWXy5O5L6YmnzhwM5tcwCRme57+eCBt5/bdEMpMZo0EoBMSOcuzXv324v+PjV7+acfjy/9cue2WehBaWLdYK8ZPXZWUyIIstJl1bZper6zde2wW8d7DtVzi7JeP3nXs58t+eKN+2cLRMTizGwGm2Kg0AuaQhNEUASqsZFB2zaPufq6/sLeyNBbUCAJKChBiVAilAglQmnCXxemrV48b/3S8NSWKzQDzSPQA8ik1xBCRqhdUkKvYTCLnyfSXG3VOueOa/qiV1ookEmiF0WJUNCUMNCEXoThmSNWXXjVUHPZgsEBqRAFFEhURFAilAglQmQYjBlD5z+0fOVNRv/do98rKjKBArUlk4pEZiKVwsD5PZas3GhkbKPBs3v1Z0/qKl0FCtSaMpMkMwHE5T85vdvwslHd1Keu3PCY/h/v6Tedrk1QoKt0SVa6SlfpalVPvW/5+APMHHF41zsWj07LMwfNnjmknWtBD2qbaqaXvp8TUg2unT/q6eFJw0tW6KZ+Javu0jfWbH3e71+9qcw/AXrQtp2uY2xkwM0riqyt8R92Gd1wt3r5kKzTNj28Tp07Y8HQCaOrtrjz2Oc97lWgna21rTXnOr4+3Zk6/omrxtZaNHxethNE47uPTqCqMycsH1/ttv6BZv+OG9dHZrrlmX0n97xy+7L/5nMoM8vEx4/a8NDrmvKbbCeRACiahev8c+yoE7t3fBCZafP2vdvb+XwwIjamXPTamh39gZyNrClrlbXKWmVNWWuqNUu2bWR3+H8rUk+Grcb3xQAAAABJRU5ErkJggg==",45
86,13,"Wild oat,",$107.38,"data:image/png;base64,iVBORw0KGgoAAAANSUhEUgAAABAAAAAQCAYAAAAf8/9hAAAABGdBTUEAAK/INwWK6QAAABl0RVh0U29mdHdhcmUAQWRvYmUgSW1hZ2VSZWFkeXHJZTwAAAJ9SURBVDjLjZHdS1NhHMcF/4G8FgoWEQgVIhFKkNZC7CLadL0osxwy1CbNt522JAzfljrb9Ax1LtfUTTcSCkTCJV3VRe2it4vV2Vp7zs45bpAXkZAv9O05A6E3bRe/qx/fz+f7e54cADnlY6LmLJuMKUd5qF0izgwTFPbErfLuf5NT7hQV58dFlA6TWMkgyTveG7de84gouBULZQUotRPFSRsJFfcnGGpljt6Oh6+MJ3GwncuuAbVqqDVWNpSQrWHDjISSO5+Qb4goswKcHk6AWtcOm7kiatVogyNQeXs3dI8v52YF0DiTOMRwaweMHFM5O/TV/sqKwRfdUHvqnqndFbkVjrLEzYfiABMUHKaA9L49IJIWv0CM04TNAKg1tt/4AfnXI2H1g56X1uddWIo+QueTDtDw+qne4i1TQJDa54VvI6E0RpdTuLsowTD1eTUD+LNS9ZxqwLLUgoWIH753UzhhKdxuC6YVRr+weWOa33Y+XUNHII0Gr6T8J0Aeat6YfjuJ+6+dOGYs+G70S1yzl2w0echy/+IXtPpTqHfvAqBhgdaWzXIY5/r6tjqDSTS642+o1WwOpmGaT6HOJTK7NtiZZl+qqHVWQMNkfFPvFiqplWmj9lbfKrROYW9A00wqr9Er8l1BHvXO6IKO5TLfqh0TYKKQ6lF+Yk8ArWs1+xLQsdH1Oge3Umv/uFJji6wYXHGY51K4aOdDuwL0U5K+w0erj8dAg0d+3V2y87BQQJWNhP8C6D1SXuZOeuNVB/dDa48GalhhXybo4BXUyjS4BHQvpFHLJnFhgCh/A+gmRT19XdTSO2tYIt8JGiySd1X3+IlKG4FqiMjBnZn4CaGVtXQxzDRMAAAAAElFTkSuQmCC",65
87,48,"Ibuprofen, phenylephrine HCl",$131.42,"data:image/png;base64,iVBORw0KGgoAAAANSUhEUgAAABAAAAAQCAYAAAAf8/9hAAAABGdBTUEAAK/INwWK6QAAABl0RVh0U29mdHdhcmUAQWRvYmUgSW1hZ2VSZWFkeXHJZTwAAAKRSURBVDjLjZNLSFRhGIYn1IULF+2CiJA2tWob1CIKa+WqoghaRBERrYKS2kSLCoKIQmbQKAwLSs3FRDbeM03TmmnGG3kZc3ScizPjzJnRuTlznr7/eGFMgg485xzO977v//2XYwJMhZx7aDssVAsOISREhQnBomp/6wuNZYJZyLbaPYzOafwOZ1hIrOKNLNPumEPV1jVlWwLWzbY33RPk8jpeDZqH4rwfjvMtkiElorygakqjtBshGwFmVYhlMa6EqOt7YtT1L+GK5dHlmzzQ8mv19RCzESAvh4S8J5KlfiDMZHhN1GJPYekMM72M0UFAbgl5ZhS6rgLyymuM3ibzaxnWeN4ToqY7xIgXpgIwMJmQ6aSJpCEoAZq0Es1BXGhbWxOzCnC6PDFe9S1KQBDL5yBWh0ZD77QS+BVNfW4SYlqQbiaXwLWQw+XRVN2pAsJj3hUZOUiNmGslZNCdUEWfsHsd30QgjVUWtfFHzGDEm1Sa8GaApSuIuSNAdYefoZntASPzSRrtGq8Ho0KE4YIAp3M2irnLb5jfSfpkWEe1vTGFhl43fS+f0nXhAB3HS2g9s5evlnubUzAWsX8mhSsIc0lwx4UYTCymGfWl6a+rxnnzCKmPj9HHbay8vcH36wd5cvFU7+Y2ZmVrgrJHv6Jg98MXD7RP5/gwluHT2X0kxcyzSqjaCQ/KCT06SsuJ0oUtBykk2+UKQa+Y26Z0rOOrNLlSRtu6vZnCK3p3Fx3HivVtR9kb1/kpHbRP5bCOZGhyJrGd3sPyi0sgpvQtE0uC52oRrRVF3n/+TI5ZjXF/xliDgdr7DF7Zj6+qnMXbJbgv76Czsjhnqyi6Y/qP31nhqL12vr/lZKlPtS0jzyuz0v8BvOcGre/IsB0AAAAASUVORK5CYII=",119
88,75,ERYTHROMYCIN,$67.35,"data:image/png;base64,iVBORw0KGgoAAAANSUhEUgAAABAAAAAQCAYAAAAf8/9hAAAABGdBTUEAAK/INwWK6QAAABl0RVh0U29mdHdhcmUAQWRvYmUgSW1hZ2VSZWFkeXHJZTwAAAEXSURBVDjLY/j//z8DJZiBLgZkz37Ynjrz4ReyDEideb89afrDf5ET7v4n2YCEqXf7qpY9/T9r76v/Xu03STMgasLteaVLHv+fufvl/6k7X/y3qrlCvAHBvTeXFC54ANbctv7p/95Nz/5rFZ0nzoCAzpuPsuc++D91x4v/jasf/y9aeP9/89rH/6VTTxJngGPDtc3xU+/879789H/5kgf/02fd+V+17OF/yZhjxBmgVXCaRT3v7BqP1mv/a1Y+/J824/b/woX3/osHHSAtECVjjqy0Lb/wP2/+3f+Zs+/8F3XfS3o0inntXWSeffJ/0tRb/0Ucdv4nKyEJW25ZYBh/5L+w5fb/ZCdlQYMNs4WMt/wfuMyEDwMA0Irn/pDRT58AAAAASUVORK5CYII=",18
89,46,Loperamide HCl,$132.55,"data:image/png;base64,iVBORw0KGgoAAAANSUhEUgAAABAAAAAQCAYAAAAf8/9hAAAABGdBTUEAAK/INwWK6QAAABl0RVh0U29mdHdhcmUAQWRvYmUgSW1hZ2VSZWFkeXHJZTwAAAHISURBVDjLpVPNK0RRFP+9D98syMwUspHkm9I0YkFZWBFKkZ0s7a3Ewh+ilChK7FgoZCJFKYlYKB8zk2+Z5t0P577He29kQU7dd+6575zf+d1zztWklPiPmOozt/U4SThjXIoyIQS4AJjSXO0lGGlvcXAm6Vzsz4xUhm0AIeX4QLig+C+ZpxbOG1wGhGYHr1zMUmZGWRgs0ha3PE1nX/8mWmdgWTzLB+DUYbhm9FfZ35IEyrhXA3VXJfPbsV8B9LQUIeUHYJ8ASobag1jcucNgW8g9W4reYSDi2YnnZDoDiwCokDANct6NwTB0LEdj0HRA/wxa2SN25JNBEdWluUhZ366gqmAaGvrCAXKOozccTGPgt8+vn8GYSGcgyTYp3dpBnBg42nbQPRBTo5bTvqYkmxL6AQhNTWQGBXY3B7BxlEBXozcW64dxRKoKUZBju+P06gl5WaaviMJBM3TNDlbypemIZgHYOnlwASsCmW7nHADGnBoQ3c76YmweJ9BR5zFYjsbRHwm4tmJg6PhWA7pCXXk+bu7fURHKweXtq/sWaksz7SC/CCGFrwtyZ3r+rCnFRZ7qr1qc6mLZj4f9OEyPL8lVpbX/PucPv5QPKHB1TdEAAAAASUVORK5CYII=",98
90,11,Earwax Removal Aid,$109.30,"data:image/png;base64,iVBORw0KGgoAAAANSUhEUgAAABAAAAAQCAYAAAAf8/9hAAAABGdBTUEAAK/INwWK6QAAABl0RVh0U29mdHdhcmUAQWRvYmUgSW1hZ2VSZWFkeXHJZTwAAALNSURBVDjLpZLZT1NBFMb5N3zx2RcTedGYGB6MLyZuSTWoiVgMimFL2KRQUKsClR1MKbKVpUhbBKmQlhbK0pQKpFDaAtLShQKytdTblrJchM97G3PVYIyJJ/kyZ86Z+c2ZMxMBIOJ/dCwwJCm6qO94qpns4WxN93HJyd4cUidNXVc1pHZ3v805/1eAVlZQbVZz9petY9hcc8Dv94EgvFhZNMOsk6CvPn5bWp6U90fAsCS/0m4Qwudxw+r24f2gC9Wds6iSzaBVaceUbR0uqx6KuscQ5cdl/gZQtfIvGHoySO+GC1rjKrqGXLAv++H1B+Hxb8O65Eer2o4PI07MG5UQv7wdqitIiGQAA81ZigUq8XlxCzKNE7T5CAK2L2vYpXxawSOgptcOncmNfnE6anLvtDKAwZbktVW3BWLVAuaok0MHRwiGQhA0irBBgQJ7e+hUDUJrI1DcboJlQoo6LsvFADTNSbs+7wqK2kzY2CHh2zvEPpXIfs6DuEuOrGc8qPXjsBAk0gTjWHKNo5F7c4cB9NXG73o3HeCJjFgKkhTkEMtEAK9KSsObtUYzPAeAwUsiueIT3I4RNGSzfgI6y2KcDosSFTITRhYIrFKXXg6QUAyPwrnlx/o3QKrvQqqQjUdl13G/8BJSsqIIBtCUHyMalnKgN9nAl1nhoRrmI4HAISXK7xiVgNcRi94ZAaZX1SjvT0B0+WmcSzxREgY0FCaeaXkRvTNvaEGbchKvZfMwur4iSPUjGCIRW3QZcksF5HNV4RcqGXiI8oF4GrDLfKRaXiznHf8W5saqMTRhQIFoDE+qRpFeocMVbiQUM/X41T6aBTTg938tyL2XV8u5EZQL72JKkw/nnBjO2SZEpZxEsfoBCtXs8OZCFft4BQwkL/ZsZSar/U3aNbcw4+oOLXZKpJ9Vcgql6rjwyfRIz5ke/IuoxXxKAbrsHyOfjn8HcjT9RjDIr5sAAAAASUVORK5CYII=",89
91,4,Paroxetine Hydrochloride,$15.75,"data:image/png;base64,iVBORw0KGgoAAAANSUhEUgAAABAAAAAQCAYAAAAf8/9hAAAABGdBTUEAAK/INwWK6QAAABl0RVh0U29mdHdhcmUAQWRvYmUgSW1hZ2VSZWFkeXHJZTwAAAKvSURBVBgZBcG7ixx1AADg77czu5vL7Su3d5fEmHBBElBBEkvBVyqNdgYrwdbKRsm/YG8lFgoiNpYWChJBI4IPTAKSByQm5p17aOZ2ZnZ2Z2bH7wunz7x+brw+PhVFEQAIAACCAAio6oXtze0f4vH6+NRnH38utIJqUQIgCBqNAPIyRdA0Lc2i0ah9ePaDU3EURWqVUH4l+/6CfedyW2ePWO73XLv2iyvZp+5vJfr9gUc7iShu280K755utONICyBJdiRPd+ymqfy7y9L0gTRNhdkFs+nENJ+YT1PTaaoqMiEsEMQBMByu0ZT2vr/CR3/qvrVq/eATlsobptUx/VFfJ2qJ2x1pXghhhqAFBEmSSNOJx+u13X2V6dfXqRea/LxylsonmXKWmxWZ+SwXQgNigOFwnaY0Gg4k7z1j3yc7qpcP6q7OHJnvaPcO29uNtDttk3yOXQIxARTFTJbmQmhMlmvRcaZf/O2nk6dNm4Xi/lWdOBZVie7SqiBGEAfA0tJIb5AZDgag/c6G8192LK++5IWn9mt3YpvJ3KPtxKNbP4paJwTEATBJMmk6Q+aPew/dLluqw297ZWPN43lLVdSaENl4ctXtf44KWS6gJQQBg9EB9oxczCu35m2j0ZqiXOh2O6p6YbFoFPOFsg6aqKtpd0AMTdP49c5NF+5d1ev1FUUhTTPdKChmpbIOqkUDmkAxLTSdMYgD8iqzVZe6nZ7lpaFiNtfb05MlFz3cPGg0HitF4lbw4N9SnN1x9/fLICYIoaVvYBpy3XrJ3tCz/8qm0cO/XL9BdfM5ragjn5VayR0vHvjP1qWf7ckm4qqq1XXt0MoJh8YEEIRjeJWjIYCVycJm1HL30o7ta785cvx5z979RnjzzBvfrq2vvha1YwQBEAAAEACd/IGTK7WimPkf4mk8xSgTQvcAAAAASUVORK5CYII=",67
92,61,sodium phosphate,$85.48,"data:image/png;base64,iVBORw0KGgoAAAANSUhEUgAAABAAAAAQCAYAAAAf8/9hAAAABGdBTUEAAK/INwWK6QAAABl0RVh0U29mdHdhcmUAQWRvYmUgSW1hZ2VSZWFkeXHJZTwAAAF2SURBVDjLlZLNK4RhFMXPaMzU+EhJLyUKjYUSykeRsRCWUnbKzpTd8AfYWGPNRtnJQorNbMdsJ8xiForYSFNKM2Pe9zn3PhYoTfN56m5uPef+7n2Oz1qLctq5jSZUtPlo/mQaVdRUrhlLbKWcgDPrBJ2p7fjmXTUD33+C3dtoQFUfnGB3eKB9CGoVmWwGrx8vj0IZOV0796oSCOWKlD4RgehvkaDHXuPxuibBn6I3G3auPwKringmjrP1C1+lFfzlmjQ/01UF9IiGj2g8QkRASzhtDlaPV2INGhjQEjk3h872LhjXrC0fLsQaIqAQ2UIWbaFWjA9PzPV09hxE9mfs7N6krZsg/5XH88cT/EE/woNhLEaWYEpuUt7AJYwIMulHfL7lUSy4MDQQS9Cw9i8Yz0BUMDE6hkQyifv0/Tt86CAlINT6DKhEqCUE1ytCRPtTB+li3TkwLkFLqCqMISo9rkLwkwOxWjNIFZJIXF5eQSjQkp1L9Q34mO6FTUohDAAAAABJRU5ErkJggg==",17
93,20,Sodium Fluoride,$61.46,"data:image/png;base64,iVBORw0KGgoAAAANSUhEUgAAABAAAAAQCAYAAAAf8/9hAAAABGdBTUEAAK/INwWK6QAAABl0RVh0U29mdHdhcmUAQWRvYmUgSW1hZ2VSZWFkeXHJZTwAAAJBSURBVDjLhdKxa5NBGMfx713yvkmbJnaoFiSF4mJTh06Kg4OgiyCCRXCof4YIdXdxFhQVHPo3OFSoUx0FySQttaVKYq2NbdO8ed/L3fM4JG3tYPvAcfBw9+HHPWdUlf/V0tLSqKo+EpEHInJFRIohhDUR+RBCeDM7O7ua55QSkRfVanVufHyckZERrLV0Op2Zra2tmXq9fg+YsmcAdyYnJykUCke9OI6ZmJgghHAZ4KwE3ntPs9mkVCohIjQaDWq1GiEEAM5KoHEcY62lVCrRarUoFotUKpUjIL/y/uqXYmV62ph/LSVrr30P4bEFcM4B0Ov1jk547/uAUTs1ceNdZIwB7V/GGHz6+9LXxY96eDiEgHMOY8xJAK8p4grZz5cElwNbwZgyxYu3EFM01lriOCZJEqIoIooiALIsGwA9Y1UcwcWoKNLdpLu9zvbnBWqNBhuvn5EDUmB0EH/1E2TZw5U+YLQovkun+Ytsaw1xCbnCOap334LC7s4Oe/ttvA+ICLmhMXRxDufczUECS37oAuevPwUEVFFp4/eXkXSdYc2IopSepnjtUh5/wg9gfn6+OQBUNaRIUkfDHhraSLoBKqikIF3yHJDLHaAkFOLciVHnyVAVj/S2Ub/XRyQD9aAZKgkaOohvo6ENgykcA07VEFDfQv1uf4W9Y8y30bCPhg4qKZJtMnjTPqBO/vhkZ7h3EJeRslWNQMqgY2jIAIfa/m5sIKSpqpPsGEiz599e3b+GchtD+bSvjQJm2SG6cNj6C+QmaxAek5tyAAAAAElFTkSuQmCC",10
94,72,Pravastatin sodium,$98.87,"data:image/png;base64,iVBORw0KGgoAAAANSUhEUgAAABAAAAAQCAYAAAAf8/9hAAAABGdBTUEAAK/INwWK6QAAABl0RVh0U29mdHdhcmUAQWRvYmUgSW1hZ2VSZWFkeXHJZTwAAAKMSURBVDjLjZNtSBNxAIcHQt+rL9GnlU2FIigo+lJRQTYGoaFRDd/Y1IL81JhzvVqaiEQZEmn2omtIZdr5Nh2lc04v3ZbOLRVS3NR8g9nci7ebk193Z16uQXjwfPw999z/7gQABIODg+eMZXJ0qsTQZyVAIBAc3SJCdnzQYrH4B0gTrGQ32jPiEQ6HtwQnUalU2wiCyOwoyUVvVS7a0+NBUVQEgUAAfr+fx+v1YnV1dV0QWWCAThoXJdiQbODz+RAKhSILdA9yYarMge5yHILBIIda64JK40I+g7LWCeUbJxQMbAUv4Av61gtaL8aBpmkOdqwxLKKWoaZrES0dDRjTXsIPohhDL8+iMk94jy9ovZ+DnmfZaEkVcXaWzXd9UVeNuc58eIZbAN9P/BquR09pojuqoOmCiDsgVrDxKMtTBJZGCkFPN2HOUIYVewPCThNsr7LpvwV3s2GskKMpeR8/vvHaifK37+B23MbaigkrE9fhHsjDqEYGR81VSE+LUiIL+gwgzsdyAvYMPNN6LNkLsEaRCIxngJqSwjuihqsmCUOmNsTExBzjC5pvydH9VIZGSSw3nh7+iDlz/p9xOijXFSw7bmKiSgLLlw+Yn5+PfgsWpqBBvBczdgKjeiWTbQQ1KUNwKg0epmT8uRgWYztmZ2ejv8TmAhm6HmehLkWI721q2HRPMNOfisCkFO4hFcark5ixjhuzh8wL/i14X3oG8DoxVpWCTvVu9DJ37X2UCMdXPRYWFrD54gsUCsUereQAGtOOoEi+HzRZAbq/HP3Fp1B/TQRrdzPsdjtsNhvMZjOsVitIklwXsCKWTNGOk3cO7SpMPb499DAjIfy5RBz+VHTim+TwzuT//c6/ASolxdSxQ5KqAAAAAElFTkSuQmCC",27
95,48,ethynodiol diacetate and ethinyl estradiol,$48.69,"data:image/png;base64,iVBORw0KGgoAAAANSUhEUgAAABAAAAAQCAYAAAAf8/9hAAAABGdBTUEAAK/INwWK6QAAABl0RVh0U29mdHdhcmUAQWRvYmUgSW1hZ2VSZWFkeXHJZTwAAAJ0SURBVBgZBcFLaFxVAADQc+97Mw5JaiPmR4uhG5GI0Jg0tStBXYggaNe6Uop00w7FpVIElwrBZRcupCBuFIo/CKKC4LeBoIhoLTKWRBNtQ2Jm8ua9uddzQvWiyfa8y0pdABERABEA0GDT6rDntbI977L7H+uaXaZoEUtCIAZCJAZiQEFAQB6x+X23/fE1pVLX7DJVwdwKBbZ/5p91YqSIiBQIkZyZmGJmiZlr3RIULWKHh88CzlIf8NsaNz5i9B8COSNw5y8695KIEkJJf4sfP+DmVxzs0BrnwWd56i2OnQEE6prDmmbIkFJEDPS3+OkqMVBGphZZfJ6j8zxykfUr3FijahhW1CMOKUVEzK3waJfdHpvrLn696MjNff3hhnsm2ja3TwnxlImxQsrBnY2BC4P3lRIUBLTGmV5gesHgs+seP/2AZ5YmfPjNLa8+twAA3vlix2q6KooIuL3BJxe4foWDHf2qdnu/AWs//A3gsGGvYmd3KISkFBEjOTLYpvc5W9+J8ZwiU4+SN88vSSnLKGRjJVVV2TsYKiUIFJkzL9OaoPelzq/RYVV7/b0/xEAzStIoycg5kxlrJSWImemHOLYC5EaTBqpRo4gtZMFICEFOWc5J09SGw0YJBAbb1H1aY+z8br8/rRVK558+oklDRDI5JJ2y7Y13e/7dO1AaIjcY8eklWkfpbRilVxRakoG3118yNTYviHb6fzq3sirq6FdDpVtWbX7bNbNCB6OaEyeV24UTc8xO7Hvi5GmT7eNEdg+PmxlvjLUpQxCqJ02251w2pyuhwSEvpFWD+5ZN3jWpU96tSbWQkpBHUuj7pXfT9l7tf4r+Cu34pbphAAAAAElFTkSuQmCC",21
96,59,Metronidazole,$21.41,"data:image/png;base64,iVBORw0KGgoAAAANSUhEUgAAABAAAAAQCAYAAAAf8/9hAAAABGdBTUEAAK/INwWK6QAAABl0RVh0U29mdHdhcmUAQWRvYmUgSW1hZ2VSZWFkeXHJZTwAAAH0SURBVDjLxdPPS9tgGAfwgH/ATmPD0w5jMFa3IXOMFImsOKnbmCUTacW1WZM2Mf1ho6OBrohkIdJfWm9aLKhM6GF4Lz3No/+AMC/PYQXBXL1+95oxh1jGhsgOX/LywvN5n/fN+3IAuKuEuzagVFoO27b1/Z+BcrnUx4otx7FPLWsJvYpIM2SS9H4PqNWqfK1W8VKplHlW/G1zs4G9vS9YXPx4CaDkXOFES4Om4gceUK2WsbZWR72+gtXVFezsbKHVamF7ewtm/sMFgBJZhd6pvm4kDndaAo2KOmt5Gfv7X9HpdNBut9FsNmFZFgPrMHKZc4DkjHyi6KC3MZNehTOuGAH5Xx5ybK/Y3f0Mx3Fg2zaKxSIMw2DjT0inNQ84nogcUUQJHIfZquNT3hzx46DBALizg2o01qEoCqLRKERRRDAYhKYlWRK/AJdCMwH2BY28+Qk8fg667wdXKJjY2FiHaeaRzWYQCk1AEASGzSCZjP/ewtik5r6eBD0dM+nRSMb1j4LuPDnkFhZymJ/PsmLdazmV0jxEkqKsK+niIQ69mKUBwdd9OAx3SADdHtC53FyK12dVXlVlPpF4zytK7OgMyucNyHLs8m+8+2zJHRwG3fId9LxIbNU+OR6zWU57AR5y84FKN+71//EqM2iapfv/HtPf5gcdtKR8VW88PgAAAABJRU5ErkJggg==",83
97,29,Bupropion hydrochloride,$52.62,"data:image/png;base64,iVBORw0KGgoAAAANSUhEUgAAABAAAAAQCAYAAAAf8/9hAAAABGdBTUEAAK/INwWK6QAAABl0RVh0U29mdHdhcmUAQWRvYmUgSW1hZ2VSZWFkeXHJZTwAAAJRSURBVBgZpcHda45xGMDx7/3yzB6ebc3ayJS8rBDTkixRMsoByoE/wIkDcbQTckJRTnYmB07kiPIaRa28JM2iaLLJS0mYtzLbnvu597t/1++6TCknitrnE5kZMxEzQzEzlB679M34C1HFe8WJ4D3kYuROcF7ICyPzSp4LKdPWd5T5wxA1QjBEDQmGF8Or4r3hRfFBKUQ5c+cLKb9N1ISgIGpIUIpgeFG8GIUoTgKFN5wohVfmVlLyqpAybfuaCv1Dk/SsrjBeC1wYGGNPdzPlughjmsHQuxr3RsbZu3keTpRz976iuSd2ItSc0lxJUIVZpZi8CJTrIvpufCICjl58z6LWOla2l2lvqWNxWz25VzQT4swJD99krFs6m6uPx6gvRezb2kqaRFRdwIDMBVRh4/JGfpmcCjgfsCyQVnNjy8oG7g5PsK2zkZpTTlz5yOHd7WRTATPIpgKDI9d59OIm1XyMQgqqsgl1XaTjeYEPxv2RCdYumYMZVJ1gZmQugEEk/bz89oQtm9axcG4Hd4evMfj8PC3zXhH1HB+xnV3NfPjuKLziRHHeKERxohSiNGkve3ZshyRm14qD9N3eR0LM+cu3iCcmhbwINNQnNMxOaConNFcSWioJrZWUtsYSP6pfKEUVdq04yC+9PWdY2tZJFHvS77nn1M2PmDfUKVYI5hVzAQrFgrJs1RjDowMMjT7g0LaznOzfS30yC9MSkZnxL90HFhxfuLjpyIbOjXTM7+L156cMPHvAh7fjfZGZ8T+6Dyw4CewHGoBJ4PTgqdFDPwHX2V3XB5aEeQAAAABJRU5ErkJggg==",99
98,47,"Acetaminophen, Dextromethorphan HBr, Doxylamine succinate, Phenylephrine HCl",$53.78,"data:image/png;base64,iVBORw0KGgoAAAANSUhEUgAAABAAAAAQCAYAAAAf8/9hAAAABGdBTUEAAK/INwWK6QAAABl0RVh0U29mdHdhcmUAQWRvYmUgSW1hZ2VSZWFkeXHJZTwAAALPSURBVDjLpZFdTFJhGMdJyq2cLttss2wrZ1TiBx9m0gwkJyofIuiCcrl0IgZLh6iDPhQpxajmpBU3jtaF1WraRc2yRlMkL7pgLi1vAo5e2dpERSUkeDrvaX7VuvLid/bs//zP7313DgkASNuBeGS1jEGF1V2+LQHnxlit2OJ+unnpk18w42A+2fkJnMr/C5o/Qo4JY3Jue8Lcu57dKFsQlY4uiqWrOJ/mJWVunBDODE7yv4ImJ1AMM+S0NixIa8cGl9lc01JefsSfz8tdK/p5xckLRYKFOX7piuA+ZtgiYGpHIbnQcOhgy7RZeenl6jIjJ7CSzXqw+SRmG3bvVLs3zDJ6Q7md3iC7yxtZFzC0Dlgr/khlRabpBcHNLx9uwJ6lNHpCx7SeRwHGyaMrzGx4UtFl3RA0DhOC0P4DfcHEpNCZkneBPVWYJbZ6mry32vs2vsrzM6Ha3bomDKamDweoGfPrAprmA1yjlWaGY+Mjv+L2dZLk2C2SDIMoGRYmy7BI9Dmv7O+vHzySsrohaLAD7Nglhqjob2w2O0alUjV3dHTM2Ww20LXp/GUPi6ZEtrzP+lbdd5Sh3YuCwknUJQSZ9e8hSNpZPh4TlyQUCs09PT0wOzsLbrcbRkZG4PrNq0ua9nrfl6lJInM6nYA6qEsIMq4MQW/C8Tw6nV6i1WrnXRMTIFWUhAQCQUShUIDFYgG9Xg9oFggFIJfLB5EEdQlBuvoNsJrSErOKaeMGoyGCBKcbM+s5HI7fbreDy+UCh8MB/f39wDnLDucY0q1IYDQaA38EqkFg1J0QZ7CpllplrZ+4gVQ6xOVyQzweDyQSCQGaUSYsE31FAqVS6SME1MuvgVr3ClIre6FIchFMd7rhcd9zGBgYAKvVChqNBnQ6HTGjDO1M5m4QiURTW34NhUIh49em8fl8b01NzZJarQ7gBGUyWSVOPj4vogztUAd1fwN412+yCB2ePAAAAABJRU5ErkJggg==",107
99,64,"OCTINOXATE, TITANIUM DIOXIDE",$73.40,"data:image/png;base64,iVBORw0KGgoAAAANSUhEUgAAABAAAAAQCAYAAAAf8/9hAAAABGdBTUEAAK/INwWK6QAAABl0RVh0U29mdHdhcmUAQWRvYmUgSW1hZ2VSZWFkeXHJZTwAAAGdSURBVDjLlZNLSwJhFIa1Rb8iIWhRQUlluuoftDEtC5TKSgINily1CmoT0kJBqwlSaBGBLVxItGgZQQQVFe3bKN7wOjqO2tucwRGvqAMPMzDf+8w5ZzgyADLhGhJQCWi6MCwwQBkJWVWg4jguVSqVKuVyGe0Q3sPtdruaJZJAQ+FcLgeWZWuk02kkk0lEIhFREg6H4fF4GiR0yUlABwqFAorFongnstksUqkUotGoKMjn86CPMAwjSloEFJYgAQUymQxisVhLS9WZyBsEQhu1A/RMfUutxONxsZJQKNRZ0Ey9hCqheSQSid4F9RJqh2ZCor4EBM/z4lxIQvQtoCp2HtexfW+CObAM062uu4BCElSBJWjEzc8Vrr8Y6L3zvQsoTKz6F+H7PAPz7oLRp8eodmSjp7/geDqG2b8Me9CK8zcnXK8O7AWsmDtUF9UHUw/1gr+2O8BzsPm3YLvbhPPlBI7nI6xc6jC9P/Gr3B0flHZhVpgyKwQ6LpPFtwaTdwmGCy0MpwsVWsD6ZVKQpNs6z9iV35PWsY/q6iso+w9crJoc0rRwaAAAAABJRU5ErkJggg==",16
100,41,Zinc Gluconate,$127.19,"data:image/png;base64,iVBORw0KGgoAAAANSUhEUgAAABAAAAAQCAQAAAC1+jfqAAAABGdBTUEAAK/INwWK6QAAABl0RVh0U29mdHdhcmUAQWRvYmUgSW1hZ2VSZWFkeXHJZTwAAAF8SURBVBgZBcFNiIwBAAbgN5etvQiJOPiuyk/YwqLk52v9NbTtarDGNpbhoCknHKgtOXxDIU60mVI4OOxVbtuchaTkoByUMpoc/NTjeSIi0irPd5q9U/2J/uHe7s7mUkQkImeLi1VrcM+cZ56oXLJusKZaVohEThcz3fve+Oaz1+bdctdNNUPdFBKZqu54658v2q54pKvlsmt2SCWpleODl75aMKvtu3MWNJ02oymDlCk7N7zwR9tHc9pm/TDtpHFNa6WT0d4d930y54E583inoe6YmhHpZX3/oVnP/fTKvF/+emzKpJo9tkk/Rf+2q9qe+uC39x5rqBt30E4bpJ+lvUuuaLmg5ZymhhMm1OwzarX0sqiz33UN06Y1TKmbcNSY7UYMSycpM5hxxnF1dZPG1YzZaZOVMkgZSbXOpGMOOeKIA/baaqNVhqSSSIp01xhV2mWrLTZZa7Eh6aaQiKRIlcESK6y23LAhGaRKIRIRkZTppJd++umlk1JE5D9AhzZjNC9N+QAAAABJRU5ErkJggg==",91
